-- Adminer 4.7.7 MySQL dump

SET NAMES utf8;
SET time_zone = '+00:00';
SET foreign_key_checks = 0;
SET sql_mode = 'NO_AUTO_VALUE_ON_ZERO';

DROP TABLE IF EXISTS `amenities`;
CREATE TABLE `amenities` (
  `id` int(11) NOT NULL AUTO_INCREMENT,
  `category_id` int(11) NOT NULL,
  `icon` varchar(100) NOT NULL,
  `title` varchar(100) NOT NULL,
  `description` varchar(256) NOT NULL,
  `status` smallint(1) NOT NULL DEFAULT 1,
  `created_at` datetime NOT NULL,
  `updated_at` datetime NOT NULL,
  PRIMARY KEY (`id`),
  KEY `category_id` (`category_id`),
  CONSTRAINT `amenities_ibfk_1` FOREIGN KEY (`category_id`) REFERENCES `experience_categories` (`id`)
) ENGINE=InnoDB DEFAULT CHARSET=latin1;

INSERT INTO `amenities` (`id`, `category_id`, `icon`, `title`, `description`, `status`, `created_at`, `updated_at`) VALUES
(1,	28,	'fa-cutlery',	'Passionate cooks',	'Donec feugiat id augue consequat vulputate at magna mattis dignissim libero fringilla leo aiquam veh. ultrices fringilla est tortor sollicitudin dignissim libero fringilla.',	1,	'2020-03-16 17:08:10',	'2020-03-27 15:50:53'),
(2,	28,	'fa fa-cog',	'Intimate settings',	'Donec feugiat id augue consequat vulputate at magna mattis dignissim libero fringilla leo aiquam veh. ultrices fringilla est tortor sollicitudin dignissim libero fringilla',	1,	'2020-03-16 17:08:31',	'2020-03-16 17:28:22'),
(3,	28,	'fa fa-check',	'Vetted by GoDo Experience',	'Donec feugiat id augue consequat vulputate at magna mattis dignissim libero fringilla leo aiquam veh. ultrices fringilla est tortor sollicitudin dignissim libero fringilla.',	1,	'2020-03-16 17:31:28',	'2020-03-16 17:31:28'),
(7,	29,	'fa fa-cutlery',	'Passionate',	'Donec feugiat id augue consequat vulputate at magna mattis dignissim libero fringilla leo aiquam veh.',	1,	'2020-03-16 17:55:51',	'2020-03-16 17:55:51'),
(8,	29,	'fa fa-cog',	'Intimate settings',	'Donec feugiat id augue consequat vulputate at magna mattis dignissim libero fringilla leo aiquam.',	1,	'2020-03-16 17:55:51',	'2020-03-16 17:55:51'),
(9,	29,	'fa fa-check',	'Vetted by GoDo Experience',	'Donec feugiat id augue consequat vulputate at magna mattis dignissim libero fringilla leo aiquam.',	1,	'2020-03-16 17:55:51',	'2020-03-16 17:55:51'),
(10,	30,	'fa fa-cutlery',	'Passionate',	'Donec feugiat id augue consequat vulputate at magna mattis dignissim libero fringilla leo aiquam veh.',	1,	'2020-03-16 17:56:21',	'2020-03-16 17:56:21'),
(11,	30,	'fa fa-cog',	'Intimate settings',	'Donec feugiat id augue consequat vulputate at magna mattis dignissim libero fringilla leo aiquam.',	1,	'2020-03-16 17:56:21',	'2020-03-16 17:56:21'),
(12,	30,	'fa fa-check',	'Vetted by GoDo Experience',	'Donec feugiat id augue consequat vulputate at magna mattis dignissim libero fringilla leo aiquam.',	1,	'2020-03-16 17:56:21',	'2020-03-16 17:56:21'),
(13,	31,	'fa fa-cutlery',	'Passionate',	'Donec feugiat id augue consequat vulputate at magna mattis dignissim libero fringilla leo aiquam veh.',	1,	'2020-03-16 17:56:24',	'2020-03-16 17:56:24'),
(14,	31,	'fa fa-cog',	'Intimate settings',	'Donec feugiat id augue consequat vulputate at magna mattis dignissim libero fringilla leo aiquam.',	1,	'2020-03-16 17:56:24',	'2020-03-16 17:56:24'),
(15,	31,	'fa fa-check',	'Vetted by GoDo Experience',	'Donec feugiat id augue consequat vulputate at magna mattis dignissim libero fringilla leo aiquam.',	1,	'2020-03-16 17:56:24',	'2020-03-16 17:56:24'),
(16,	32,	'fa fa-cutlery',	'Passionate',	'Donec feugiat id augue consequat vulputate at magna mattis dignissim libero fringilla leo aiquam veh.',	1,	'2020-03-16 17:56:29',	'2020-03-16 17:56:29'),
(17,	32,	'fa fa-cog',	'Intimate settings',	'Donec feugiat id augue consequat vulputate at magna mattis dignissim libero fringilla leo aiquam.',	1,	'2020-03-16 17:56:29',	'2020-03-16 17:56:29'),
(18,	32,	'fa fa-check',	'Vetted by GoDo Experience',	'Donec feugiat id augue consequat vulputate at magna mattis dignissim libero fringilla leo aiquam.',	1,	'2020-03-16 17:56:29',	'2020-03-16 17:56:29'),
(19,	32,	'fa fa-cutlery',	'Passionate',	'Donec feugiat id augue consequat vulputate at magna mattis dignissim libero fringilla leo aiquam veh.',	1,	'2020-03-16 17:56:36',	'2020-03-16 17:56:36'),
(20,	32,	'fa fa-cog',	'Intimate settings',	'Donec feugiat id augue consequat vulputate at magna mattis dignissim libero fringilla leo aiquam.',	1,	'2020-03-16 17:56:36',	'2020-03-16 17:56:36'),
(21,	32,	'fa fa-check',	'Vetted by GoDo Experience',	'Donec feugiat id augue consequat vulputate at magna mattis dignissim libero fringilla leo aiquam.',	1,	'2020-03-16 17:56:36',	'2020-03-16 17:56:36'),
(22,	33,	'fa fa-cutlery',	'Passionate',	'Donec feugiat id augue consequat vulputate at magna mattis dignissim libero fringilla leo aiquam veh.',	1,	'2020-03-16 17:56:41',	'2020-03-16 17:56:41'),
(23,	33,	'fa fa-cog',	'Intimate settings',	'Donec feugiat id augue consequat vulputate at magna mattis dignissim libero fringilla leo aiquam.',	1,	'2020-03-16 17:56:41',	'2020-03-16 17:56:41'),
(24,	33,	'fa fa-check',	'Vetted by GoDo Experience',	'Donec feugiat id augue consequat vulputate at magna mattis dignissim libero fringilla leo aiquam.',	1,	'2020-03-16 17:56:41',	'2020-03-16 17:56:41'),
(25,	34,	'fa fa-cutlery',	'Passionate',	'Donec feugiat id augue consequat vulputate at magna mattis dignissim libero fringilla leo aiquam veh.',	1,	'2020-03-16 17:56:45',	'2020-03-16 17:56:45'),
(26,	34,	'fa fa-cog',	'Intimate settings',	'Donec feugiat id augue consequat vulputate at magna mattis dignissim libero fringilla leo aiquam.',	1,	'2020-03-16 17:56:45',	'2020-03-16 17:56:45'),
(27,	34,	'fa fa-check',	'Vetted by GoDo Experience',	'Donec feugiat id augue consequat vulputate at magna mattis dignissim libero fringilla leo aiquam.',	1,	'2020-03-16 17:56:45',	'2020-03-16 17:56:45'),
(28,	35,	'fa fa-cutlery',	'Passionate',	'Donec feugiat id augue consequat vulputate at magna mattis dignissim libero fringilla leo aiquam veh.',	1,	'2020-03-16 17:56:49',	'2020-03-16 17:56:49'),
(29,	35,	'fa fa-cog',	'Intimate settings',	'Donec feugiat id augue consequat vulputate at magna mattis dignissim libero fringilla leo aiquam.',	1,	'2020-03-16 17:56:49',	'2020-03-16 17:56:49'),
(30,	35,	'fa fa-check',	'Vetted by GoDo Experience',	'Donec feugiat id augue consequat vulputate at magna mattis dignissim libero fringilla leo aiquam.',	1,	'2020-03-16 17:56:49',	'2020-03-16 17:56:49'),
(31,	36,	'fa fa-cutlery',	'Passionate',	'Donec feugiat id augue consequat vulputate at magna mattis dignissim libero fringilla leo aiquam veh.',	1,	'2020-03-16 17:56:53',	'2020-03-16 17:56:53'),
(32,	36,	'fa fa-cog',	'Intimate settings',	'Donec feugiat id augue consequat vulputate at magna mattis dignissim libero fringilla leo aiquam.',	1,	'2020-03-16 17:56:53',	'2020-03-16 17:56:53'),
(33,	36,	'fa fa-check',	'Vetted by GoDo Experience',	'Donec feugiat id augue consequat vulputate at magna mattis dignissim libero fringilla leo aiquam.',	1,	'2020-03-16 17:56:53',	'2020-03-16 17:56:53'),
(34,	36,	'fa fa-cutlery',	'Passionate',	'Donec feugiat id augue consequat vulputate at magna mattis dignissim libero fringilla leo aiquam veh.',	1,	'2020-03-16 17:56:56',	'2020-03-16 17:56:56'),
(35,	36,	'fa fa-cog',	'Intimate settings',	'Donec feugiat id augue consequat vulputate at magna mattis dignissim libero fringilla leo aiquam.',	1,	'2020-03-16 17:56:56',	'2020-03-16 17:56:56'),
(36,	36,	'fa fa-check',	'Vetted by GoDo Experience',	'Donec feugiat id augue consequat vulputate at magna mattis dignissim libero fringilla leo aiquam.',	1,	'2020-03-16 17:56:56',	'2020-03-16 17:56:56'),
(37,	37,	'fa fa-cutlery',	'Passionate',	'Donec feugiat id augue consequat vulputate at magna mattis dignissim libero fringilla leo aiquam veh.',	1,	'2020-03-16 17:57:03',	'2020-03-16 17:57:03'),
(38,	37,	'fa fa-cog',	'Intimate settings',	'Donec feugiat id augue consequat vulputate at magna mattis dignissim libero fringilla leo aiquam.',	1,	'2020-03-16 17:57:03',	'2020-03-16 17:57:03'),
(39,	37,	'fa fa-check',	'Vetted by GoDo Experience',	'Donec feugiat id augue consequat vulputate at magna mattis dignissim libero fringilla leo aiquam.',	1,	'2020-03-16 17:57:03',	'2020-03-16 17:57:03');

DROP TABLE IF EXISTS `company`;
CREATE TABLE `company` (
  `id` int(11) NOT NULL AUTO_INCREMENT,
  `company_owner` varchar(100) NOT NULL,
  `company_name` varchar(100) DEFAULT NULL,
  `company_logo` varchar(100) DEFAULT NULL,
  `company_desc` varchar(100) DEFAULT NULL,
  `company_phone` varchar(256) NOT NULL,
  `company_city` varchar(256) NOT NULL,
  `company_state` varchar(256) NOT NULL,
  `company_country` varchar(256) NOT NULL,
  `company_zip` varchar(256) NOT NULL,
  `company_full_address` varchar(256) DEFAULT NULL,
  `company_email` varchar(256) NOT NULL,
  `company_facebook` varchar(100) DEFAULT NULL,
  `company_instagram` varchar(100) DEFAULT NULL,
  `company_twiiter` varchar(100) DEFAULT NULL,
  `company_pinterest` varchar(100) DEFAULT NULL,
  `status` smallint(1) NOT NULL DEFAULT 0,
  PRIMARY KEY (`id`)
) ENGINE=InnoDB DEFAULT CHARSET=latin1;

INSERT INTO `company` (`id`, `company_owner`, `company_name`, `company_logo`, `company_desc`, `company_phone`, `company_city`, `company_state`, `company_country`, `company_zip`, `company_full_address`, `company_email`, `company_facebook`, `company_instagram`, `company_twiiter`, `company_pinterest`, `status`) VALUES
(1,	'Bitcot Technologies',	'GoDo Experiences',	NULL,	'',	'(+01) 34 56 7890',	'San Diego',	'CA',	'USA',	'92120',	'San Diego , CA 92120 USA',	'info@godoexperience.com',	'',	'',	'',	'',	1);

DROP TABLE IF EXISTS `contact_us`;
CREATE TABLE `contact_us` (
  `id` int(11) NOT NULL AUTO_INCREMENT,
  `contact_name` varchar(100) DEFAULT NULL,
  `contact_email` varchar(256) DEFAULT NULL,
  `contact_phone` varchar(256) DEFAULT NULL,
  `contact_message` text DEFAULT NULL,
  `contact_time` datetime DEFAULT NULL,
  `reply_subject` varchar(256) DEFAULT NULL,
  `reply_email` varchar(256) DEFAULT NULL,
  `reply_body` text DEFAULT NULL,
  `reply_time` datetime DEFAULT NULL,
  `reply_user` int(11) DEFAULT NULL COMMENT 'User ID',
  `is_reply` smallint(1) NOT NULL DEFAULT 0,
  PRIMARY KEY (`id`)
) ENGINE=InnoDB DEFAULT CHARSET=latin1;

INSERT INTO `contact_us` (`id`, `contact_name`, `contact_email`, `contact_phone`, `contact_message`, `contact_time`, `reply_subject`, `reply_email`, `reply_body`, `reply_time`, `reply_user`, `is_reply`) VALUES
(1,	'Gajendra ',	'test@g.com',	'123456712',	'ff sjfkl sjdf;jafkj kfjkafjkldas\r\nfs fklsdfj;sdjf;lsjdflsdf sdf sdfdfsf',	'2020-03-17 16:41:51',	'',	'',	'',	NULL,	NULL,	0),
(2,	'Gajendra ',	'test@g.com',	'123456712',	'ff sjfkl sjdf;jafkj kfjkafjkldas\r\nfs fklsdfj;sdjf;lsjdflsdf sdf sdfdfsf',	'2020-03-17 16:41:51',	'',	'',	'',	NULL,	NULL,	0),
(3,	'Gajendra ',	'test@g.com',	'123456712',	'ff sjfkl sjdf;jafkj kfjkafjkldas\r\nfs fklsdfj;sdjf;lsjdflsdf sdf sdfdfsf',	'2020-03-17 16:41:51',	'',	'',	'',	NULL,	NULL,	0),
(4,	'Gajendra ',	'test@g.com',	'123456712',	'ff sjfkl sjdf;jafkj kfjkafjkldas\r\nfs fklsdfj;sdjf;lsjdflsdf sdf sdfdfsf',	'2020-03-17 16:41:51',	'',	'',	'',	NULL,	NULL,	0),
(6,	'Gajendra ',	'test@g.com',	'123456712',	'ff sjfkl sjdf;jafkj kfjkafjkldas\r\nfs fklsdfj;sdjf;lsjdflsdf sdf sdfdfsf',	'2020-03-17 16:41:51',	'',	'',	'',	NULL,	NULL,	0),
(7,	'Gajendra ',	'test@g.com',	'123456712',	'ff sjfkl sjdf;jafkj kfjkafjkldas\r\nfs fklsdfj;sdjf;lsjdflsdf sdf sdfdfsf',	'2020-03-17 16:41:51',	'',	'',	'',	NULL,	NULL,	0),
(8,	'Gajendra ',	'test@g.com',	'123456712',	'ff sjfkl sjdf;jafkj kfjkafjkldas\r\nfs fklsdfj;sdjf;lsjdflsdf sdf sdfdfsf',	'2020-03-17 16:41:51',	'',	'',	'',	NULL,	NULL,	0),
(9,	'Gajendra ',	'test@g.com',	'123456712',	'ff sjfkl sjdf;jafkj kfjkafjkldas\r\nfs fklsdfj;sdjf;lsjdflsdf sdf sdfdfsf',	'2020-03-17 16:41:51',	'',	'',	'',	NULL,	NULL,	0),
(13,	'Gajendra ',	'test@g.com',	'123456712',	'ff sjfkl sjdf;jafkj kfjkafjkldas\r\nfs fklsdfj;sdjf;lsjdflsdf sdf sdfdfsf',	'2020-03-17 16:41:51',	'',	'',	'',	NULL,	NULL,	0),
(14,	'Gajendra ',	'test@g.com',	'123456712',	'ff sjfkl sjdf;jafkj kfjkafjkldas\r\nfs fklsdfj;sdjf;lsjdflsdf sdf sdfdfsf',	'2020-03-17 16:41:51',	'',	'',	'',	NULL,	NULL,	0),
(15,	'Gajendra ',	'test@g.com',	'123456712',	'ff sjfkl sjdf;jafkj kfjkafjkldas\r\nfs fklsdfj;sdjf;lsjdflsdf sdf sdfdfsf',	'2020-03-17 16:41:51',	'',	'',	'',	NULL,	NULL,	0),
(16,	'Gajendra ',	'test@g.com',	'123456712',	'ff sjfkl sjdf;jafkj kfjkafjkldas\r\nfs fklsdfj;sdjf;lsjdflsdf sdf sdfdfsf',	'2020-03-17 16:41:51',	'',	'',	'',	NULL,	NULL,	0),
(17,	'Gajendra ',	'test@g.com',	'123456712',	'ff sjfkl sjdf;jafkj kfjkafjkldas\r\nfs fklsdfj;sdjf;lsjdflsdf sdf sdfdfsf',	'2020-03-17 16:41:51',	'',	'',	'',	NULL,	NULL,	0),
(18,	'Gajendra ',	'test@g.com',	'123456712',	'ff sjfkl sjdf;jafkj kfjkafjkldas\r\nfs fklsdfj;sdjf;lsjdflsdf sdf sdfdfsf',	'2020-03-17 16:41:51',	'',	'',	'',	NULL,	NULL,	0),
(19,	'Gajendra ',	'test@g.com',	'123456712',	'ff sjfkl sjdf;jafkj kfjkafjkldas\r\nfs fklsdfj;sdjf;lsjdflsdf sdf sdfdfsf',	'2020-03-17 16:41:51',	'',	'',	'',	NULL,	NULL,	0),
(20,	'Gajendra ',	'test@g.com',	'123456712',	'ff sjfkl sjdf;jafkj kfjkafjkldas\r\nfs fklsdfj;sdjf;lsjdflsdf sdf sdfdfsf',	'2020-03-17 16:41:51',	'dasdas',	'noreply@godoexperience.com',	'<p>da sdasdasd</p>\r\n',	'2020-03-24 04:03:51',	37,	1),
(21,	'gdfgd',	'test2fsdfsdf@fsdfsdf.com',	'12121212121',	'dsf dsfsdfkdjsfkl jsdflk jsdfkl jlskdfj',	'2020-03-19 19:43:13',	'asdasdsadsa',	'noreply@godoexperience.com',	'<p>dsadasdasdsadd</p>\r\n',	'2020-03-24 04:02:15',	37,	1),
(22,	'dumy contact',	'contact@test.com',	'123456789',	'I founded a bug in your website please fix it.',	'2020-03-20 10:59:40',	'fsfd sdf sdfsdf sdfsdf',	'noreply@godoexperience.com',	'<p><em>Lorem ipsum</em>, or lipsum as it is sometimes known, is dummy text used in laying out print, graphic or web designs. The passage is attributed to an unknown typesetter in the 15th century who is thought to have scrambled parts of Cicero&#39;s De Finibus Bonorum et Malorum for use in a type specimen book.</p>\r\n\r\n<p>fshdf h;sdfh;dshf ;jsdhfj; hsdf;jhsdjfh;jsdhfkj;s dhfj hsdfjh dsfh s;dfhdjs f;sdhf;k</p>\r\n',	'2020-03-20 03:17:15',	37,	1),
(23,	'gajendra contact',	'gajendra@bitcot.com',	'1234567890',	'your services are very poors.',	'2020-03-20 15:28:51',	'gd gdfg dfg dfg dfg dfg dfg gdg dfgdfg',	'noreply@godoexperience.com',	'<p><em><strong>Lorem ipsum dolor sit amet,</strong></em></p>\r\n\r\n<p>Lorem ipsum dolor sit amet, consectetur adipiscing elit, sed do eiusmod tempor incididunt ut labore et dolore magna aliqua. Ut enim ad minim veniam, quis nostrud exercitation ullamco laboris nisi ut aliquip ex ea commodo consequat. Duis aute irure dolor in reprehenderit in voluptate velit esse cillum dolore eu fugiat nulla pariatur. Excepteur sint occaecat cupidatat non proident, sunt in culpa qui officia deserunt mollit anim id est laborum.</p>\r\n\r\n<p>Lorem ipsum dolor sit amet, consectetur adipiscing elit, sed do eiusmod tempor incididunt ut labore et dolore magna aliqua. Ut enim ad minim veniam, quis nostrud exercitation ullamco laboris nisi ut aliquip ex ea commodo consequat. Duis aute irure dolor in reprehenderit in voluptate velit esse cillum dolore eu fugiat nulla pariatur. Excepteur sint occaecat cupidatat non proident, sunt in culpa qui officia deserunt mollit anim id est laborum.</p>\r\n\r\n<p>&nbsp;</p>\r\n\r\n<p>Lorem ipsum dolor sit amet, consectetur adipiscing elit, sed do eiusmod tempor incididunt ut labore et dolore magna aliqua. Ut enim ad minim veniam, quis nostrud exercitation ullamco laboris nisi ut aliquip ex ea commodo consequat. Duis aute irure dolor in reprehenderit in voluptate velit esse cillum dolore eu fugiat nulla pariatur. Excepteur sint occaecat cupidatat non proident, sunt in culpa qui officia deserunt mollit anim id est laborum.</p>\r\n',	'2020-03-20 04:22:07',	37,	1),
(24,	'fsdfdsf',	'dsfdsfdsf@fsfsdf.com',	'1234567890',	'fsdf sdf sdf sdf',	'2020-03-20 16:56:55',	NULL,	NULL,	NULL,	NULL,	NULL,	0);

DROP TABLE IF EXISTS `experiences`;
CREATE TABLE `experiences` (
  `id` int(11) NOT NULL AUTO_INCREMENT,
  `category_id` int(11) NOT NULL,
  `user_id` int(11) NOT NULL,
  `title` text DEFAULT NULL,
  `sub_title` text DEFAULT NULL,
  `description` text DEFAULT NULL,
  `slug` text DEFAULT NULL,
  `experiences_image_url` varchar(255) DEFAULT NULL,
  `experiences_video_url` varchar(255) DEFAULT NULL,
  `price` int(11) DEFAULT NULL,
  `duration` int(3) DEFAULT 0,
  `duration_type` varchar(10) DEFAULT NULL,
  `group_size` int(3) DEFAULT 1,
  `activity_level` varchar(50) DEFAULT NULL,
  `country` varchar(50) DEFAULT NULL,
  `state` varchar(50) DEFAULT NULL,
  `city` varchar(50) DEFAULT NULL,
  `latitude` varchar(50) DEFAULT NULL,
  `longitude` varchar(50) DEFAULT NULL,
  `status` smallint(1) NOT NULL DEFAULT 1,
  `featured` smallint(1) DEFAULT 0,
  `featured_date` datetime DEFAULT NULL,
  `created_at` datetime DEFAULT NULL,
  `updated_at` datetime DEFAULT NULL,
  PRIMARY KEY (`id`),
  KEY `fk_experiences_category_id` (`category_id`),
  KEY `fk_experiences_user_id` (`user_id`),
  CONSTRAINT `fk_experiences_category_id` FOREIGN KEY (`category_id`) REFERENCES `experience_categories` (`id`) ON DELETE CASCADE ON UPDATE CASCADE,
  CONSTRAINT `fk_experiences_user_id` FOREIGN KEY (`user_id`) REFERENCES `user` (`id`) ON DELETE CASCADE ON UPDATE CASCADE
) ENGINE=InnoDB DEFAULT CHARSET=latin1;

INSERT INTO `experiences` (`id`, `category_id`, `user_id`, `title`, `sub_title`, `description`, `slug`, `experiences_image_url`, `experiences_video_url`, `price`, `duration`, `duration_type`, `group_size`, `activity_level`, `country`, `state`, `city`, `latitude`, `longitude`, `status`, `featured`, `featured_date`, `created_at`, `updated_at`) VALUES
(21,	28,	8,	'15 Best Culinary Tour Experiences and Cooking Classes in India',	'15 Best Culinary Tour Experiences and Cooking Classes in India',	'<p>Culinary tours in India is a gastronomic delight where travelers can explore their love for Indian cuisines. Get the real taste of some of India&rsquo;s culinary traditions. Experience the delights of Mughal, Rajasthani, Gujarati, South Indian, Portuguese-tinged flavors with a chance for insider experiences and cultural interactions. What if you could not just treat your taste buds but also learn to prepare Indian recipes? A treat for the foodies, we bring to you some of the best cooking classes in India. Learn the preparation of Indian delicacies from master chefs and renowned cooks with expertise in the kitchen.</p>\r\n\r\n<p>There is something very special about cooking classes in India if you happen to be at this award winning cook based in Kerala.&nbsp; Be prepared for delicious home-cooked meals, cookery demonstrations, or even foodie home-stays. These classes are just the thing you need to learn the ins-and-outs of the local cuisine. Nimmy is a professional cookery instructor and consultant who has expertise in dishes that liven your senses. Treat your taste buds to a variety of traditional Kerala Syrian Christian cooking classes in her home. Class duration can range from three hours to a full day. You can also stay at Nimmy&rsquo;s home and experience the Keralan lifestyle and culture.</p>\r\n\r\n<p><strong>Duration:&nbsp;</strong>3-5 Hours a Day.</p>\r\n\r\n<p><strong>Cost:&nbsp;</strong>INR 1000 per person.</p>\r\n\r\n<p>&nbsp;</p>\r\n\r\n<p>The Philipkutty&rsquo;s Farm in Kottayam is one of Kerala&rsquo;s best holiday properties. Relaxing holidays drenched in bliss are a norm here. The lesser known secret is the wonderful gastronomic pleasures by Mrs. Mathew Senior, the nurturing mother of the resort. The traditional Keralan recipes are concocted here with fresh produce of the farm. Coconuts and bananas grow in abundance. There are daily cooking classes where you learn the preparation of Kerala cuisine. A stay of at least three to four days is recommended or a week would be just perfect to get a better hand at cooking Keralan cuisines.</p>\r\n\r\n<p><strong>Duration:</strong>&nbsp;2-3 Hours for minimum 4 Days.</p>\r\n\r\n<p><strong>Cost:</strong>&nbsp;Available on request.</p>\r\n',	'15-best-culinary-tour-experiences-and-cooking-classes-in-india',	'uploads/experiences/0e8f035a-b8d7-480b-bf23-7f05da46d7b7.jpg',	NULL,	128,	2,	'day',	5,	'moderate',	'india',	'',	'',	'',	'',	1,	1,	NULL,	'2020-02-12 19:48:12',	'2020-03-19 17:07:03'),
(22,	28,	8,	'Udaipur is a popular city in Rajasthan not just for its beauty and history but the heritage of Indian gastronomy',	'Udaipur is a popular city in Rajasthan not just for its beauty and history but the heritage of Indian gastronomy',	'<p>Cook with one of the best chefs ever: Our grandma, Nonna Nerina. She and her sisters will show you how to prepare the perfect pasta&mdash;no machines, just your hands, the freshest local ingredients, and love. You&rsquo;ll be part of our crazy family for a day and join us as we walk the tiny medieval streets to Grandma&rsquo;s kitchen, located in the old winepress where my great-grandpa used to make wine that the community tapped straight from the barrel. It&#39;s a special place for my family and the entire village.</p>\r\n\r\n<p>Udaipur is a popular city in Rajasthan not just for its beauty and history but the heritage of Indian gastronomy. Shashi, a warrior woman of Udaipur offers cooking classes with wisdom and humor like a fine seasoning to the meal. The basic cooking lessons are conducted in four to five hour classes a day. In her cooking classes, learn how to prepare Indian staples such as masala chai, pakoras, parathas, chutneys, vegetable curry, vegetable pulao, and paneer. Offering one of the best cooking classes in India, Shashi will teach you to prepare these mouthwatering dishes at home within minutes. Take home the secrets of the hearty Indian food.</p>\r\n\r\n<p>Udaipur is a popular city in Rajasthan not just for its beauty and history but the heritage of Indian gastronomy. Shashi, a warrior woman of Udaipur offers cooking classes with wisdom and humor like a fine seasoning to the meal. The basic cooking lessons are conducted in four to five hour classes a day. In her cooking classes, learn how to prepare Indian staples such as masala chai, pakoras, parathas, chutneys, vegetable curry, vegetable pulao, and paneer. Offering one of the best cooking classes in India, Shashi will teach you to prepare these mouthwatering dishes at home within minutes. Take home the secrets of the hearty Indian food.</p>\r\n',	'udaipur-is-a-popular-city-in-rajasthan-not-just-for-its-beauty-and-history-but-the-heritage-of-indian-gastronomy',	'uploads/experiences/0d1fd3af-3972-4792-9b4a-446c5ce6365a.jpg',	NULL,	455,	5,	'day',	1,	'light',	'india',	'',	'',	'',	'',	1,	0,	NULL,	'2020-02-13 15:28:02',	'2020-03-19 16:19:20'),
(23,	30,	8,	'Secrets of Newfoundland\'s Irish Loop',	'Secrets of Newfoundland\'s Irish Loop',	'<p>Adventures should be accessible to everyone. You don&#39;t need to be a BASE-jumping adrenaline junkie or a fearless wild camper. The only thing you need is the right guide.That&#39;s why Airbnb Adventures are hosted by thoughtful experts with deep ties to their local communities. They&#39;ve created curated journeys for the nervous novice up to the seasoned trekker, for a range of budgets, interests, and locations. And everything is pre-planned, so just book and go.</p>\r\n\r\n<p>Adventures should be accessible to everyone. You don&#39;t need to be a BASE-jumping adrenaline junkie or a fearless wild camper. The only thing you need is the right guide.That&#39;s why Airbnb Adventures are hosted by thoughtful experts with deep ties to their local communities. They&#39;ve created curated journeys for the nervous novice up to the seasoned trekker, for a range of budgets, interests, and locations. And everything is pre-planned, so just book and go.</p>\r\n\r\n<p>Adventures should be accessible to everyone. You don&#39;t need to be a BASE-jumping adrenaline junkie or a fearless wild camper. The only thing you need is the right guide.That&#39;s why Airbnb Adventures are hosted by thoughtful experts with deep ties to their local communities. They&#39;ve created curated journeys for the nervous novice up to the seasoned trekker, for a range of budgets, interests, and locations. And everything is pre-planned, so just book and go.</p>\r\n\r\n<p>Adventures should be accessible to everyone. You don&#39;t need to be a BASE-jumping adrenaline junkie or a fearless wild camper. The only thing you need is the right guide.That&#39;s why Airbnb Adventures are hosted by thoughtful experts with deep ties to their local communities. They&#39;ve created curated journeys for the nervous novice up to the seasoned trekker, for a range of budgets, interests, and locations. And everything is pre-planned, so just book and go.</p>\r\n',	'secrets-of-newfoundland-s-irish-loop',	'uploads/experiences/d2baea19-7337-4675-b899-3aacd2fc80cd.jpg',	NULL,	220,	5,	'day',	1,	'light',	'india',	'',	'',	'',	'',	1,	1,	NULL,	'2020-02-13 16:21:44',	'2020-03-19 16:21:54'),
(24,	30,	8,	'Tracking Bumblebees in the Redwoods',	'Tracking Bumblebees in the Redwoods',	'<p>Tracking Bumblebees in the RedwoodsTracking Bumblebees in the RedwoodsTracking Bumblebees in the RedwoodsTracking Bumblebees in the RedwoodsTracking Bumblebees in the RedwoodsTracking Bumblebees in the RedwoodsTracking Bumblebees in the RedwoodsTracking Bumblebees in the RedwoodsTracking Bumblebees in the RedwoodsTracking Bumblebees in the RedwoodsTracking Bumblebees in the RedwoodsTracking Bumblebees in the RedwoodsTracking Bumblebees in the Redwoods.</p>\r\n\r\n<p>Tracking Bumblebees in the RedwoodsTracking Bumblebees in the RedwoodsTracking Bumblebees in the RedwoodsTracking Bumblebees in the RedwoodsTracking Bumblebees in the RedwoodsTracking Bumblebees in the RedwoodsTracking Bumblebees in the RedwoodsTracking Bumblebees in the RedwoodsTracking Bumblebees in the RedwoodsTracking Bumblebees in the RedwoodsTracking Bumblebees in the RedwoodsTracking Bumblebees in the RedwoodsTracking Bumblebees in the Redwoods.</p>\r\n\r\n<p>Tracking Bumblebees in the RedwoodsTracking Bumblebees in the RedwoodsTracking Bumblebees in the RedwoodsTracking Bumblebees in the RedwoodsTracking Bumblebees in the RedwoodsTracking Bumblebees in the RedwoodsTracking Bumblebees in the RedwoodsTracking Bumblebees in the RedwoodsTracking Bumblebees in the RedwoodsTracking Bumblebees in the RedwoodsTracking Bumblebees in the RedwoodsTracking Bumblebees in the RedwoodsTracking Bumblebees in the Redwoods</p>\r\n',	'tracking-bumblebees-in-the-redwoods',	'uploads/experiences/3131bc28-5d3e-425a-847a-826f819c17e7.jpg',	NULL,	210,	2,	'day',	10,	'light',	'india',	'mp',	'',	'',	'',	1,	1,	NULL,	'2020-02-21 16:05:13',	'2020-03-19 16:22:50'),
(25,	30,	8,	'Nova Scotia: Maritime Lyrics & Lore',	'Nova Scotia: Maritime Lyrics & Lore',	'<p>Nova Scotia: Maritime Lyrics &amp; LoreNova Scotia: Maritime Lyrics &amp; LoreNova Scotia: Maritime Lyrics &amp; LoreNova Scotia: Maritime Lyrics &amp; LoreNova Scotia: Maritime Lyrics &amp; LoreNova Scotia: Maritime Lyrics &amp; LoreNova Scotia: Maritime Lyrics &amp; LoreNova Scotia: Maritime Lyrics &amp; LoreNova Scotia: Maritime Lyrics &amp; LoreNova Scotia: Maritime Lyrics &amp; LoreNova Scotia: Maritime Lyrics &amp; LoreNova Scotia: Maritime Lyrics &amp; LoreNova Scotia: Maritime Lyrics &amp; Lore</p>\r\n\r\n<p>Nova Scotia: Maritime Lyrics &amp; LoreNova Scotia: Maritime Lyrics &amp; LoreNova Scotia: Maritime Lyrics &amp; LoreNova Scotia: Maritime Lyrics &amp; LoreNova Scotia: Maritime Lyrics &amp; LoreNova Scotia: Maritime Lyrics &amp; LoreNova Scotia: Maritime Lyrics &amp; LoreNova Scotia: Maritime Lyrics &amp; LoreNova Scotia: Maritime Lyrics &amp; LoreNova Scotia: Maritime Lyrics &amp; LoreNova Scotia: Maritime Lyrics &amp; LoreNova Scotia: Maritime Lyrics &amp; LoreNova Scotia: Maritime Lyrics &amp; Lore</p>\r\n\r\n<p>Nova Scotia: Maritime Lyrics &amp; LoreNova Scotia: Maritime Lyrics &amp; LoreNova Scotia: Maritime Lyrics &amp; LoreNova Scotia: Maritime Lyrics &amp; LoreNova Scotia: Maritime Lyrics &amp; LoreNova Scotia: Maritime Lyrics &amp; LoreNova Scotia: Maritime Lyrics &amp; LoreNova Scotia: Maritime Lyrics &amp; LoreNova Scotia: Maritime Lyrics &amp; LoreNova Scotia: Maritime Lyrics &amp; LoreNova Scotia: Maritime Lyrics &amp; LoreNova Scotia: Maritime Lyrics &amp; LoreNova Scotia: Maritime Lyrics &amp; Lore</p>\r\n\r\n<p>Nova Scotia: Maritime Lyrics &amp; LoreNova Scotia: Maritime Lyrics &amp; LoreNova Scotia: Maritime Lyrics &amp; LoreNova Scotia: Maritime Lyrics &amp; LoreNova Scotia: Maritime Lyrics &amp; LoreNova Scotia: Maritime Lyrics &amp; LoreNova Scotia: Maritime Lyrics &amp; LoreNova Scotia: Maritime Lyrics &amp; LoreNova Scotia: Maritime Lyrics &amp; LoreNova Scotia: Maritime Lyrics &amp; LoreNova Scotia: Maritime Lyrics &amp; LoreNova Scotia: Maritime Lyrics &amp; LoreNova Scotia: Maritime Lyrics &amp; Lore</p>\r\n',	'nova-scotia--maritime-lyrics---lore',	'uploads/experiences/a9a2baa2-8a41-46aa-a499-b76458f7cfad.jpeg',	NULL,	453,	7,	'day',	15,	'light',	'india',	'',	'',	'',	'',	1,	0,	NULL,	'2020-02-21 16:07:34',	'2020-03-19 16:23:57'),
(26,	30,	8,	'Tunisia Through the Sands of Time',	'Tunisia Through the Sands of Time',	'<p><strong>Tunisia Through the Sands of Time</strong></p>\r\n\r\n<p>Our journey will starts with a walking in which we will discover the village, its farmers and food tradition. We will also collect ingredients useful in our cooking. So, after reached our kitchen, we will prepare our meal in a cooking class learning how to set up traditional and innovative recipes using the best of food production of the region. Many of this products belongs to the Ark of Taste and Slow Food Presidia or comes directly from some local Slow Food Community. We always prepare the entire lunch making several starters, colorful salads, fresh pasta, pesto or other sauces and desserts. We will end our food journey tasting the prepared 4 courses learning how to pair it with 3 different wines and homemade liquors.</p>\r\n\r\n<p>Our journey will starts with a walking in which we will discover the village, its farmers and food tradition. We will also collect ingredients useful in our cooking. So, after reached our kitchen, we will prepare our meal in a cooking class learning how to set up traditional and innovative recipes using the best of food production of the region. Many of this products belongs to the Ark of Taste and Slow Food Presidia or comes directly from some local Slow Food Community. We always prepare the entire lunch making several starters, colorful salads, fresh pasta, pesto or other sauces and desserts. We will end our food journey tasting the prepared 4 courses learning how to pair it with 3 different wines and homemade liquors.</p>\r\n',	'tunisia-through-the-sands-of-time',	'uploads/experiences/3c015dd6-26f7-4ff0-a04c-e02cdcd0ee54.jpg',	NULL,	200,	2,	'day',	12,	'moderate',	'india',	'',	'Chennai',	'',	'',	1,	0,	NULL,	'2020-02-21 16:08:54',	'2020-03-19 16:25:22'),
(27,	30,	8,	'Dartmoor\'s Ancient Woods & Folklore',	'Dartmoor\'s Ancient Woods & Folklore Dartmoor\'s Ancient Woods & Folklore',	'<p><strong>Dartmoor&#39;s Ancient Woods &amp; Folklore Dartmoor&#39;s Ancient Woods &amp; Folklore</strong></p>\r\n\r\n<p>Our journey will starts with a walking in which we will discover the village, its farmers and food tradition. We will also collect ingredients useful in our cooking. So, after reached our kitchen, we will prepare our meal in a cooking class learning how to set up traditional and innovative recipes using the best of food production of the region. Many of this products belongs to the Ark of Taste and Slow Food Presidia or comes directly from some local Slow Food Community. We always prepare the entire lunch making several starters, colorful salads, fresh pasta, pesto or other sauces and desserts. We will end our food journey tasting the prepared 4 courses learning how to pair it with 3 different wines and homemade liquors.</p>\r\n\r\n<p>Our journey will starts with a walking in which we will discover the village, its farmers and food tradition. We will also collect ingredients useful in our cooking. So, after reached our kitchen, we will prepare our meal in a cooking class learning how to set up traditional and innovative recipes using the best of food production of the region. Many of this products belongs to the Ark of Taste and Slow Food Presidia or comes directly from some local Slow Food Community. We always prepare the entire lunch making several starters, colorful salads, fresh pasta, pesto or other sauces and desserts. We will end our food journey tasting the prepared 4 courses learning how to pair it with 3 different wines and homemade liquors.</p>\r\n\r\n<p>Our journey will starts with a walking in which we will discover the village, its farmers and food tradition. We will also collect ingredients useful in our cooking. So, after reached our kitchen, we will prepare our meal in a cooking class learning how to set up traditional and innovative recipes using the best of food production of the region. Many of this products belongs to the Ark of Taste and Slow Food Presidia or comes directly from some local Slow Food Community. We always prepare the entire lunch making several starters, colorful salads, fresh pasta, pesto or other sauces and desserts. We will end our food journey tasting the prepared 4 courses learning how to pair it with 3 different wines and homemade liquors.</p>\r\n',	'dartmoor-s-ancient-woods---folklore',	'uploads/experiences/586ec579-09f9-463a-8419-59437e41b7d8.jpeg',	NULL,	213,	1,	'day',	10,	'strenuous',	'india',	'',	'',	'',	'',	1,	0,	NULL,	'2020-02-21 16:10:30',	'2020-02-21 16:10:30'),
(28,	29,	8,	'A day at an ornamental fish culture farm',	'A day at an ornamental fish culture farm',	'<p><strong>A day at an ornamental fish culture farm</strong></p>\r\n\r\n<p>Our journey will starts with a walking in which we will discover the village, its farmers and food tradition. We will also collect ingredients useful in our cooking. So, after reached our kitchen, we will prepare our meal in a cooking class learning how to set up traditional and innovative recipes using the best of food production of the region. Many of this products belongs to the Ark of Taste and Slow Food Presidia or comes directly from some local Slow Food Community. We always prepare the entire lunch making several starters, colorful salads, fresh pasta, pesto or other sauces and desserts. We will end our food journey tasting the prepared 4 courses learning how to pair it with 3 different wines and homemade liquors.</p>\r\n\r\n<p>Our journey will starts with a walking in which we will discover the village, its farmers and food tradition. We will also collect ingredients useful in our cooking. So, after reached our kitchen, we will prepare our meal in a cooking class learning how to set up traditional and innovative recipes using the best of food production of the region. Many of this products belongs to the Ark of Taste and Slow Food Presidia or comes directly from some local Slow Food Community. We always prepare the entire lunch making several starters, colorful salads, fresh pasta, pesto or other sauces and desserts. We will end our food journey tasting the prepared 4 courses learning how to pair it with 3 different wines and homemade liquors.</p>\r\n\r\n<p>Our journey will starts with a walking in which we will discover the village, its farmers and food tradition. We will also collect ingredients useful in our cooking. So, after reached our kitchen, we will prepare our meal in a cooking class learning how to set up traditional and innovative recipes using the best of food production of the region. Many of this products belongs to the Ark of Taste and Slow Food Presidia or comes directly from some local Slow Food Community. We always prepare the entire lunch making several starters, colorful salads, fresh pasta, pesto or other sauces and desserts. We will end our food journey tasting the prepared 4 courses learning how to pair it with 3 different wines and homemade liquors.</p>\r\n\r\n<p>Our journey will starts with a walking in which we will discover the village, its farmers and food tradition. We will also collect ingredients useful in our cooking. So, after reached our kitchen, we will prepare our meal in a cooking class learning how to set up traditional and innovative recipes using the best of food production of the region. Many of this products belongs to the Ark of Taste and Slow Food Presidia or comes directly from some local Slow Food Community. We always prepare the entire lunch making several starters, colorful salads, fresh pasta, pesto or other sauces and desserts. We will end our food journey tasting the prepared 4 courses learning how to pair it with 3 different wines and homemade liquors.</p>\r\n\r\n<p>&nbsp;</p>\r\n',	'a-day-at-an-ornamental-fish-culture-farm',	'uploads/experiences/8a890322-84c3-4bb3-a9a8-f880b3f08f18.jpg',	NULL,	255,	5,	'day',	5,	'light',	'india',	'',	'',	'',	'',	1,	0,	NULL,	'2020-02-21 16:14:54',	'2020-03-19 16:26:39'),
(29,	29,	8,	'Adventuring with Penni the Dog',	'Adventuring with Penni the Dog',	'<p><strong>Adventuring with Penni the Dog</strong></p>\r\n\r\n<p>Our journey will starts with a walking in which we will discover the village, its farmers and food tradition. We will also collect ingredients useful in our cooking. So, after reached our kitchen, we will prepare our meal in a cooking class learning how to set up traditional and innovative recipes using the best of food production of the region. Many of this products belongs to the Ark of Taste and Slow Food Presidia or comes directly from some local Slow Food Community. We always prepare the entire lunch making several starters, colorful salads, fresh pasta, pesto or other sauces and desserts. We will end our food journey tasting the prepared 4 courses learning how to pair it with 3 different wines and homemade liquors.</p>\r\n\r\n<p>Our journey will starts with a walking in which we will discover the village, its farmers and food tradition. We will also collect ingredients useful in our cooking. So, after reached our kitchen, we will prepare our meal in a cooking class learning how to set up traditional and innovative recipes using the best of food production of the region. Many of this products belongs to the Ark of Taste and Slow Food Presidia or comes directly from some local Slow Food Community. We always prepare the entire lunch making several starters, colorful salads, fresh pasta, pesto or other sauces and desserts. We will end our food journey tasting the prepared 4 courses learning how to pair it with 3 different wines and homemade liquors.</p>\r\n\r\n<p>Our journey will starts with a walking in which we will discover the village, its farmers and food tradition. We will also collect ingredients useful in our cooking. So, after reached our kitchen, we will prepare our meal in a cooking class learning how to set up traditional and innovative recipes using the best of food production of the region. Many of this products belongs to the Ark of Taste and Slow Food Presidia or comes directly from some local Slow Food Community. We always prepare the entire lunch making several starters, colorful salads, fresh pasta, pesto or other sauces and desserts. We will end our food journey tasting the prepared 4 courses learning how to pair it with 3 different wines and homemade liquors.</p>\r\n\r\n<p>&nbsp;</p>\r\n',	'adventuring-with-penni-the-dog',	'uploads/experiences/9ff1eea9-5891-41e2-b066-eaee3f9d7932.jpg',	NULL,	622,	5,	'day',	5,	'light',	'india',	'',	'',	'',	'',	1,	0,	NULL,	'2020-02-21 16:15:53',	'2020-02-28 11:20:43'),
(30,	29,	8,	'Our journey will starts with a walking in which we will discover the village',	'Our journey will starts with a walking in which we will discover the village',	'<p><strong>Our journey will starts with a walking in which we will discover the village, its farmers and food tradition. </strong></p>\r\n\r\n<p>We will also collect ingredients useful in our cooking. So, after reached our kitchen, we will prepare our meal in a cooking class learning how to set up traditional and innovative recipes using the best of food production of the region. Many of this products belongs to the Ark of Taste and Slow Food Presidia or comes directly from some local Slow Food Community. We always prepare the entire lunch making several starters, colorful salads, fresh pasta, pesto or other sauces and desserts. We will end our food journey tasting the prepared 4 courses learning how to pair it with 3 different wines and homemade liquors.</p>\r\n\r\n<p>Our journey will starts with a walking in which we will discover the village, its farmers and food tradition. We will also collect ingredients useful in our cooking. So, after reached our kitchen, we will prepare our meal in a cooking class learning how to set up traditional and innovative recipes using the best of food production of the region. Many of this products belongs to the Ark of Taste and Slow Food Presidia or comes directly from some local Slow Food Community. We always prepare the entire lunch making several starters, colorful salads, fresh pasta, pesto or other sauces and desserts. We will end our food journey tasting the prepared 4 courses learning how to pair it with 3 different wines and homemade liquors.</p>\r\n\r\n<p><strong>Our journey will starts with a walking in which we will discover the village, </strong></p>\r\n\r\n<p>its farmers and food tradition. We will also collect ingredients useful in our cooking. So, after reached our kitchen, we will prepare our meal in a cooking class learning how to set up traditional and innovative recipes using the best of food production of the region. Many of this products belongs to the Ark of Taste and Slow Food Presidia or comes directly from some local Slow Food Community. We always prepare the entire lunch making several starters, colorful salads, fresh pasta, pesto or other sauces and desserts. We will end our food journey tasting the prepared 4 courses learning how to pair it with 3 different wines and homemade liquors.</p>\r\n',	'our-journey-will-starts-with-a-walking-in-which-we-will-discover-the-village',	'uploads/experiences/ff1c9a52-81ac-409c-b8ed-1c551141203b.jpeg',	NULL,	540,	1,	'day',	5,	'light',	'india',	'',	'',	'',	'',	1,	1,	NULL,	'2020-02-21 16:16:34',	'2020-03-04 16:17:28'),
(31,	33,	8,	'We will also collect ingredients useful in our cooking',	'We will also collect ingredients useful in our cooking',	'<p>Our journey will starts with a walking in which we will discover the village, its farmers and food tradition. We will also collect ingredients useful in our cooking. So, after reached our kitchen, we will prepare our meal in a cooking class learning how to set up traditional and innovative recipes using the best of food production of the region. Many of this products belongs to the Ark of Taste and Slow Food Presidia or comes directly from some local Slow Food Community. We always prepare the entire lunch making several starters, colorful salads, fresh pasta, pesto or other sauces and desserts. We will end our food journey tasting the prepared 4 courses learning how to pair it with 3 different wines and homemade liquors.</p>\r\n\r\n<p>Our journey will starts with a walking in which we will discover the village, its farmers and food tradition. We will also collect ingredients useful in our cooking. So, after reached our kitchen, we will prepare our meal in a cooking class learning how to set up traditional and innovative recipes using the best of food production of the region. Many of this products belongs to the Ark of Taste and Slow Food Presidia or comes directly from some local Slow Food Community. We always prepare the entire lunch making several starters, colorful salads, fresh pasta, pesto or other sauces and desserts. We will end our food journey tasting the prepared 4 courses learning how to pair it with 3 different wines and homemade liquors.</p>\r\n',	'we-will-also-collect-ingredients-useful-in-our-cooking',	'uploads/experiences/c7354d2f-7636-4f84-a698-60e25c9a0e3c.jpg',	NULL,	855,	2,	'day',	15,	'light',	'india',	'',	'',	'',	'',	1,	0,	NULL,	'2020-02-21 16:18:05',	'2020-03-19 16:55:53'),
(32,	33,	8,	'Fishing trip  in the Pacific Northwest',	'Fishing trip  in the Pacific Northwest',	'<p><strong>Fishing trip in the Pacific Northwest</strong></p>\r\n\r\n<p>Our journey will starts with a walking in which we will discover the village, its farmers and food tradition. We will also collect ingredients useful in our cooking. So, after reached our kitchen, we will prepare our meal in a cooking class learning how to set up traditional and innovative recipes using the best of food production of the region. Many of this products belongs to the Ark of Taste and Slow Food Presidia or comes directly from some local Slow Food Community. We always prepare the entire lunch making several starters, colorful salads, fresh pasta, pesto or other sauces and desserts. We will end our food journey tasting the prepared 4 courses learning how to pair it with 3 different wines and homemade liquors.</p>\r\n\r\n<p>Our journey will starts with a walking in which we will discover the village, its farmers and food tradition. We will also collect ingredients useful in our cooking. So, after reached our kitchen, we will prepare our meal in a cooking class learning how to set up traditional and innovative recipes using the best of food production of the region. Many of this products belongs to the Ark of Taste and Slow Food Presidia or comes directly from some local Slow Food Community. We always prepare the entire lunch making several starters, colorful salads, fresh pasta, pesto or other sauces and desserts. We will end our food journey tasting the prepared 4 courses learning how to pair it with 3 different wines and homemade liquors.</p>\r\n\r\n<p>Our journey will starts with a walking in which we will discover the village, its farmers and food tradition. We will also collect ingredients useful in our cooking. So, after reached our kitchen, we will prepare our meal in a cooking class learning how to set up traditional and innovative recipes using the best of food production of the region. Many of this products belongs to the Ark of Taste and Slow Food Presidia or comes directly from some local Slow Food Community. We always prepare the entire lunch making several starters, colorful salads, fresh pasta, pesto or other sauces and desserts. We will end our food journey tasting the prepared 4 courses learning how to pair it with 3 different wines and homemade liquors.</p>\r\n',	'fishing-trip--in-the-pacific-northwest',	'uploads/experiences/e7a31353-c85f-458c-8617-c5a976a4a7e4.png',	NULL,	542,	1,	'day',	10,	'light',	'india',	'',	'',	'',	'',	1,	0,	NULL,	'2020-02-21 16:19:11',	'2020-03-19 16:28:47'),
(33,	29,	37,	'Observe cloud forest elephants and meet the community who care for them',	'Observe cloud forest elephants and meet the community who care for them',	'<p>We are dedicated to working in partnership with Karen communities and their captive elephants. The communities are rich in culture and elephants are at the very heart of this. When logging was banned in Thailand in the late 1980&rsquo;s the mahouts and their elephants had to leave their villages to work in the trekking camps around Chiang Mai. There is now a real desire within the communities to return the elephants back to the forests, where they can live as naturally as possible,</p>\r\n\r\n<p>deep in their forest habitat. Offering observation only guest experiences. By partnering with these communities we are able to help them grow sustainable community based projects, where visitors are able to observe the elephants living naturally deep in the forest and spend time immersed in the community learning traditional skills such as fabric and basket making. Embark on a wondrous journey into the beautiful mountains of northern Thailand and learn about the Karen community and their elephants.</p>\r\n\r\n<p>Our expert mountain drivers will pick you up in Mae Sot and escort you to the site near the Karen village where you&rsquo;ll be lead on a tour of the local community. The next day, we&rsquo;ll head into the forest to observe and learn about the region&rsquo;s elephants, as well as the surrounding forest ecosystem. During this time you&rsquo;ll learn about traditional local culture and observe elephants roaming in the forest.</p>\r\n',	'observe-cloud-forest-elephants-and-meet-the-community-who-care-for-them',	'uploads/experiences/12c03a44-1972-4af1-924e-b8741106bde0.jpg',	NULL,	452,	1,	'day',	12,	'light',	'india',	'MP',	'Indore',	'',	'',	1,	0,	NULL,	'2020-03-04 17:48:04',	'2020-03-19 16:30:40'),
(34,	30,	35,	'This Island is Canada\'s Best Kept Secret',	'This Island is Canada\'s Best Kept Secret',	'<p>Break down the elitism in adventure&mdash;that&rsquo;s the goal that&nbsp;&nbsp;set when he struck off on a year of microadventures in his native U.K., a feat that earned him the title of&nbsp;<a href=\"https://adserver.pressboard.ca/c/link?c=244012&amp;w=173188&amp;l=244400\" target=\"_blank\">National Geographic Adventurer of the Year</a>. And when he set out to explore Nova Scotia&rsquo;s&nbsp;<a href=\"https://adserver.pressboard.ca/c/link?c=244012&amp;w=173188&amp;l=244399\" target=\"_blank\">Cape Breton Island</a>, a scenic, culturally diverse spot that joins the mainland by causeway, he found that the eastern Canadian province did that for him. &ldquo;Even more than the lovely landscapes and the lobster, what stood out were the people,&rdquo; Humphreys says. &ldquo;The pride they have in their homeland and their culture, . . .the sense of fun, and the kindness&mdash;we got such a friendly reception everywhere we went.&quot; Here&rsquo;s how he did it, and how you can too.</p>\r\n',	'this-island-is-canada-s-best-kept-secret',	'uploads/experiences/4e81934a-c98c-4390-912e-2d85d31c8363.jpeg',	NULL,	350,	1,	'day',	10,	'light',	'India',	'GOA',	'GOA',	'',	'',	1,	0,	NULL,	'2020-03-04 18:10:10',	'2020-03-04 18:10:10'),
(35,	28,	37,	'fjskfjklsdfjklsdjf kldsf dfjsfklj dsklf jdklsfj kldsfjkljklj',	'fjskfjklsdfjklsdjf kldsf dfjsfklj dsklf jdklsfj kldsfjkljklj fjk jgks jg\r\ngdfgk ldgfkjl dgfk;l dkg;l dkfg;l kdg;flk;lk;lk',	'<p>fjskfjklsdfjklsdjf kldsf dfjsfklj dsklf jdklsfj kldsfjkljklj fjk jgks jg<br />\r\ngdfgk ldgfkjl dgfk;l dkg;l dkfg;l kdg;flk;lk;lkfjskfjklsdfjklsdjf kldsf dfjsfklj dsklf jdklsfj kldsfjkljklj fjk jgks jg<br />\r\ngdfgk ldgfkjl dgfk;l dkg;l dkfg;l kdg;flk;lk;lkfjskfjklsdfjklsdjf kldsf dfjsfklj dsklf jdklsfj kldsfjkljklj fjk jgks jg<br />\r\ngdfgk ldgfkjl dgfk;l dkg;l dkfg;l kdg;flk;lk;lkfjskfjklsdfjklsdjf kldsf dfjsfklj dsklf jdklsfj kldsfjkljklj fjk jgks jg<br />\r\ngdfgk ldgfkjl dgfk;l dkg;l dkfg;l kdg;flk;lk;lkfjskfjklsdfjklsdjf kldsf dfjsfklj dsklf jdklsfj kldsfjkljklj fjk jgks jg<br />\r\ngdfgk ldgfkjl dgfk;l dkg;l dkfg;l kdg;flk;lk;lkfjskfjklsdfjklsdjf kldsf dfjsfklj dsklf jdklsfj kldsfjkljklj fjk jgks jg<br />\r\ngdfgk ldgfkjl dgfk;l dkg;l dkfg;l kdg;flk;lk;lkfjskfjklsdfjklsdjf kldsf dfjsfklj dsklf jdklsfj kldsfjkljklj fjk jgks jg<br />\r\ngdfgk ldgfkjl dgfk;l dkg;l dkfg;l kdg;flk;lk;lkfjskfjklsdfjklsdjf kldsf dfjsfklj dsklf jdklsfj kldsfjkljklj fjk jgks jg<br />\r\ngdfgk ldgfkjl dgfk;l dkg;l dkfg;l kdg;flk;lk;lkfjskfjklsdfjklsdjf kldsf dfjsfklj dsklf jdklsfj kldsfjkljklj fjk jgks jg<br />\r\ngdfgk ldgfkjl dgfk;l dkg;l dkfg;l kdg;flk;lk;lkfjskfjklsdfjklsdjf kldsf dfjsfklj dsklf jdklsfj kldsfjkljklj fjk jgks jg<br />\r\ngdfgk ldgfkjl dgfk;l dkg;l dkfg;l kdg;flk;lk;lkfjskfjklsdfjklsdjf kldsf dfjsfklj dsklf jdklsfj kldsfjkljklj fjk jgks jg<br />\r\ngdfgk ldgfkjl dgfk;l dkg;l dkfg;l kdg;flk;lk;lkfjskfjklsdfjklsdjf kldsf dfjsfklj dsklf jdklsfj kldsfjkljklj fjk jgks jg<br />\r\ngdfgk ldgfkjl dgfk;l dkg;l dkfg;l kdg;flk;lk;lkfjskfjklsdfjklsdjf kldsf dfjsfklj dsklf jdklsfj kldsfjkljklj fjk jgks jg<br />\r\ngdfgk ldgfkjl dgfk;l dkg;l dkfg;l kdg;flk;lk;lk</p>\r\n',	'fjskfjklsdfjklsdjf-kldsf-dfjsfklj-dsklf-jdklsfj-kldsfjkljklj',	'uploads/experiences/1a5fc8ba-cf8f-4e87-898a-ab00374b4aff.jpg',	NULL,	150,	2,	'day',	10,	'moderate',	'India',	'MP',	'ICHennai',	'',	'',	1,	0,	NULL,	'2020-03-19 18:38:03',	'2020-03-19 18:38:03'),
(36,	29,	37,	'You\'ll cook authentic Portuguese recipes, be professionally transformed in a fabulous Queen',	'You\'ll cook authentic Portuguese recipes, be professionally transformed in a fabulous Queen',	'<p>You&#39;ll cook authentic Portuguese recipes, be professionally transformed in a fabulous Queen, devour a feast, drink like royalty,&nbsp;<br />\r\nwatch a private Live Drag show and much more. So, start your engines and get ready for your once in a Lifetime Experience!&nbsp;</p>\r\n\r\n<p>Your evening will start with pink champagne served by the most gorgeous Drag Queens. While our funky music is playing,&nbsp;<br />\r\nit&#39;s time to wash your hands, put on your sexy aprons and start the cooking class!</p>\r\n\r\n<p>With glamour and excitement, your Drag Chef will guide you through all the recipe steps and reveal cooking tips and tricks,&nbsp;<br />\r\nso you can cook like the Portuguese! From appetizers, flaming chorizos, main courses, BEST homemade sangria, and famous desserts,&nbsp;<br />\r\nwe&#39;ll cook it all together, with authenticity, fun and excitement! We happily accommodate all dietary restrictions and preferences<br />\r\nWhile dinner is cooking, the action goes to the Drag Makeup Studio;&nbsp;<br />\r\nyou&#39;ll have the opportunity to be fully transformed into the Drag Queen or King of your dreams! After the professional makeover,<br />\r\n&nbsp;you&#39;ll choose from a huge selection of wigs, dresses, jewelry, high heels, accessories and more, until you are a gorgeous,&nbsp;<br />\r\n&nbsp;unique and unrecognizable QUEEN! Food&#39;s ready, you&#39;re Queened up, it&#39;s time for a the Dinner Party with a table full of&nbsp;<br />\r\n&nbsp;Queens from all over the world, laughing sharing stories, and watching the most amazing LIVE DRAG SHOW of your life!</p>\r\n',	'you-ll-cook-authentic-portuguese-recipes--be-professionally-transformed-in-a-fabulous-queen',	'uploads/experiences/a9d3fe4a-673f-4fe8-a049-1c33de05c45e.jpg',	NULL,	300,	2,	'day',	10,	'light',	'India',	'MP',	'Indore',	'',	'',	1,	0,	NULL,	'2020-03-19 19:16:46',	'2020-03-19 19:16:46'),
(37,	29,	37,	'professionally transformed in a fabulous Queen',	'professionally transformed in a fabulous Queen',	'<p><br />\r\nWith glamour and excitement, your Drag Chef will guide you through all the recipe steps and reveal cooking tips and tricks,&nbsp;<br />\r\nso you can cook like the Portuguese! From appetizers, flaming chorizos, main courses, BEST homemade sangria, and famous desserts,&nbsp;<br />\r\nwe&#39;ll cook it all together, with authenticity, fun and excitement! We happily accommodate all dietary restrictions and preferences<br />\r\nWhile dinner is cooking, the action goes to the Drag Makeup Studio;&nbsp;<br />\r\nyou&#39;ll have the opportunity to be fully transformed into the Drag Queen or King of your dreams! After the professional makeover,<br />\r\n&nbsp;you&#39;ll choose from a huge selection of wigs, dresses, jewelry, high heels, accessories and more, until you are a gorgeous,&nbsp;<br />\r\n&nbsp;unique and unrecognizable QUEEN! Food&#39;s ready, you&#39;re Queened up, it&#39;s time for a the Dinner Party with a table full of&nbsp;<br />\r\n&nbsp;Queens from all over the world, laughing sharing stories, and watching the most amazing LIVE DRAG SHOW of your life!</p>\r\n',	'professionally-transformed-in-a-fabulous-queen',	'uploads/experiences/08d7b209-c11b-4fed-bc81-eae129ec0a31.jpeg',	NULL,	520,	5,	'hours',	5,	'light',	'USA',	'CA',	'CA',	'',	'',	1,	1,	NULL,	'2020-03-19 19:37:37',	'2020-03-19 19:38:55'),
(38,	28,	41,	'Lorem Ipsum is simply dummy text of the printing and typesetting industry',	'Lorem Ipsum is simply dummy text of the printing and typesetting industry',	'<p><strong>Lorem Ipsum&nbsp;is simply dummy text of the printing and typesetting industry.</strong></p>\r\n\r\n<p>Lorem Ipsum has been the industry&#39;s standard dummy text ever since the 1500s, when an unknown printer took a galley of type and scrambled it to make a type specimen book. It has survived not only five centuries, but also the leap into electronic typesetting, remaining essentially unchanged. It was popularised in the 1960s with the release of Letraset sheets containing Lorem Ipsum passages, and more recently with desktop publishing software like Aldus PageMaker including versions of Lorem Ipsum</p>\r\n',	'lorem-ipsum-is-simply-dummy-text-of-the-printing-and-typesetting-industry',	'uploads/experiences/75b509d5-b4c4-456b-baf6-489336dbd26e.jpg',	NULL,	400,	2,	'day',	41,	'light',	'India',	'CA',	'CA',	'',	'',	1,	0,	NULL,	'2020-03-24 19:32:40',	'2020-03-24 19:32:40'),
(39,	29,	41,	'Contrary to popular belief',	'Contrary to popular belief',	'<p>Contrary to popular belief, Lorem Ipsum is not simply random text. It has roots in a piece of classical Latin literature from 45 BC, making it over 2000 years old. Richard McClintock, a Latin professor at Hampden-Sydney College in Virginia, looked up one of the more obscure Latin words, consectetur, from a Lorem Ipsum passage, and going through the cites of the word in classical literature, discovered the undoubtable source. Lorem Ipsum comes from sections 1.10.32 and 1.10.33 of &quot;de Finibus Bonorum et Malorum&quot; (The Extremes of Good and Evil) by Cicero, written in 45 BC. This book is a treatise on the theory of ethics, very popular during the Renaissance. The first line of Lorem Ipsum, &quot;Lorem ipsum dolor sit amet..&quot;, comes from a line in section 1.10.32.</p>\r\n\r\n<p>The standard chunk of Lorem Ipsum used since the 1500s is reproduced below for those interested. Sections 1.10.32 and 1.10.33 from &quot;de Finibus Bonorum et Malorum&quot; by Cicero are also reproduced in their exact original form, accompanied by English versions from the 1914 translation by H. Rackham.</p>\r\n',	'contrary-to-popular-belief',	'uploads/experiences/c69699f8-5371-4e81-a2d9-f02bf166e5d0.jpg',	NULL,	700,	4,	'day',	5,	'light',	'USA',	'CA',	'CA',	'',	'',	1,	0,	NULL,	'2020-03-24 19:39:57',	'2020-03-24 19:39:57'),
(40,	29,	42,	'There are many variations of passages of Lorem Ipsum available',	'There are many variations of passages of Lorem Ipsum available',	'<p>There are many variations of passages of Lorem Ipsum available, but the majority have suffered alteration in some form, by injected humour, or randomised words which don&#39;t look even slightly believable. If you are going to use a passage of Lorem Ipsum, you need to be sure there isn&#39;t anything embarrassing hidden in the middle of text. All the Lorem Ipsum generators on the Internet tend to repeat predefined chunks as necessary, making this the first true generator on the Internet. It uses a dictionary of over 200 Latin words, combined with a handful of model sentence structures, to generate Lorem Ipsum which looks reasonable. The generated Lorem Ipsum is therefore always free from repetition, injected humour, or non-characteristic words etc.</p>\r\n',	'there-are-many-variations-of-passages-of-lorem-ipsum-available',	'uploads/experiences/340f05ed-d639-423c-99c7-080224bb7ae8.jpg',	NULL,	260,	3,	'day',	8,	'light',	'USA',	'CA',	'CA',	'',	'',	1,	0,	NULL,	'2020-03-24 19:43:07',	'2020-03-24 19:43:07');

DROP TABLE IF EXISTS `experiences_media`;
CREATE TABLE `experiences_media` (
  `id` int(11) NOT NULL AUTO_INCREMENT,
  `experiences_id` int(11) NOT NULL,
  `image_name` varchar(100) NOT NULL,
  `image_url` varchar(100) NOT NULL,
  `uploaded_at` datetime NOT NULL,
  PRIMARY KEY (`id`),
  KEY `experiences_id` (`experiences_id`),
  CONSTRAINT `experiences_media_ibfk_1` FOREIGN KEY (`experiences_id`) REFERENCES `experiences` (`id`)
) ENGINE=InnoDB DEFAULT CHARSET=latin1;

INSERT INTO `experiences_media` (`id`, `experiences_id`, `image_name`, `image_url`, `uploaded_at`) VALUES
(1,	21,	'61e4144c-c3d0-41c0-a93a-0c625e8e3fce.jpg',	'uploads/experiences/61e4144c-c3d0-41c0-a93a-0c625e8e3fce.jpg',	'2020-02-27 11:07:37'),
(2,	21,	'f44354d6-56ff-47b6-b245-b7879857cdd3.jpg',	'uploads/experiences/f44354d6-56ff-47b6-b245-b7879857cdd3.jpg',	'2020-02-27 11:11:52'),
(3,	21,	'03f6e2dd-1df0-4673-b707-92dc9830aaff.jpg',	'uploads/experiences/03f6e2dd-1df0-4673-b707-92dc9830aaff.jpg',	'2020-03-02 12:45:47'),
(4,	30,	'62360554-eef0-4581-8142-f79d52321470.jpg',	'uploads/experiences/62360554-eef0-4581-8142-f79d52321470.jpg',	'2020-03-04 14:52:08'),
(5,	30,	'f8327622-ae53-45bf-a031-800b75a2cdca.jpg',	'uploads/experiences/f8327622-ae53-45bf-a031-800b75a2cdca.jpg',	'2020-03-04 14:52:11'),
(6,	30,	'd8cd562e-a73a-4b1e-98df-5c643cb2b3a0.png',	'uploads/experiences/d8cd562e-a73a-4b1e-98df-5c643cb2b3a0.png',	'2020-03-04 14:52:13'),
(12,	26,	'f12551a0-8932-4af5-81f8-6c9d7f8b0dfc.png',	'uploads/experiences/f12551a0-8932-4af5-81f8-6c9d7f8b0dfc.png',	'2020-03-04 15:45:02'),
(13,	26,	'ad6a757a-fedd-4089-8ba9-58ee674268a1.jpg',	'uploads/experiences/ad6a757a-fedd-4089-8ba9-58ee674268a1.jpg',	'2020-03-04 15:45:28'),
(14,	26,	'c44243d3-532b-44b9-adc9-f23e87241e78.jpg',	'uploads/experiences/c44243d3-532b-44b9-adc9-f23e87241e78.jpg',	'2020-03-04 15:46:27'),
(15,	26,	'15c0655c-a989-4be0-954b-7298da86ed87.jpg',	'uploads/experiences/15c0655c-a989-4be0-954b-7298da86ed87.jpg',	'2020-03-04 15:48:11'),
(16,	32,	'e3007040-6fda-45d4-a36b-96026d0c3bba.jpg',	'uploads/experiences/e3007040-6fda-45d4-a36b-96026d0c3bba.jpg',	'2020-03-19 16:28:42'),
(17,	32,	'a4d5c3dd-5b71-43a2-b5a7-ba97492d1cbd.jpeg',	'uploads/experiences/a4d5c3dd-5b71-43a2-b5a7-ba97492d1cbd.jpeg',	'2020-03-19 16:28:45'),
(18,	33,	'929303a5-c9bb-48f7-b3bf-01e2f271329f.jpg',	'uploads/experiences/929303a5-c9bb-48f7-b3bf-01e2f271329f.jpg',	'2020-03-19 16:30:36'),
(19,	33,	'8aea5d7a-c933-4c4d-bf9c-890a42afa1f0.jpg',	'uploads/experiences/8aea5d7a-c933-4c4d-bf9c-890a42afa1f0.jpg',	'2020-03-19 16:30:39'),
(20,	22,	'94783109-df68-4e30-a244-cc8dcf6f5eed.jpg',	'uploads/experiences/94783109-df68-4e30-a244-cc8dcf6f5eed.jpg',	'2020-03-19 16:42:52'),
(21,	35,	'531dae13-91b7-4c45-bc67-4ee8e57f9645.jpg',	'uploads/experiences/531dae13-91b7-4c45-bc67-4ee8e57f9645.jpg',	'2020-03-19 18:38:03'),
(22,	35,	'4a024fab-cf65-4230-a4e6-91507032562e.jpeg',	'uploads/experiences/4a024fab-cf65-4230-a4e6-91507032562e.jpeg',	'2020-03-19 18:38:03'),
(23,	36,	'8018ee8a-b7d7-4d67-a3b4-ccee363d26ce.jpg',	'uploads/experiences/8018ee8a-b7d7-4d67-a3b4-ccee363d26ce.jpg',	'2020-03-19 19:16:46'),
(24,	36,	'2f386aa6-bf84-4325-b3c2-7977f0a5f5cb.jpg',	'uploads/experiences/2f386aa6-bf84-4325-b3c2-7977f0a5f5cb.jpg',	'2020-03-19 19:16:46'),
(25,	37,	'bd03649a-f553-4631-83e9-256547e236ac.jpg',	'uploads/experiences/bd03649a-f553-4631-83e9-256547e236ac.jpg',	'2020-03-19 19:37:37'),
(26,	39,	'ed2cb8f4-b9d0-4e78-a22f-43c5650bddf7.jpg',	'uploads/experiences/ed2cb8f4-b9d0-4e78-a22f-43c5650bddf7.jpg',	'2020-03-24 19:39:57'),
(27,	40,	'11fe1259-577e-46fb-9482-afd3d0562978.jpg',	'uploads/experiences/11fe1259-577e-46fb-9482-afd3d0562978.jpg',	'2020-03-24 19:43:07');

DROP TABLE IF EXISTS `experiences_order`;
CREATE TABLE `experiences_order` (
  `id` int(11) NOT NULL AUTO_INCREMENT,
  `experience_id` int(11) NOT NULL,
  `user_id` int(11) NOT NULL,
  `payment_id` int(11) NOT NULL,
  `experience_price` int(11) NOT NULL,
  `experience_adons_price` int(11) NOT NULL,
  `net_pay` int(11) NOT NULL,
  `experience_adons_ids` varchar(50) DEFAULT NULL,
  `experience_adons_detail` text DEFAULT NULL,
  `experience_avl_id` int(11) DEFAULT NULL,
  `experience_start_date` date DEFAULT NULL,
  `experience_end_date` date DEFAULT NULL,
  `schedule_detail` varchar(256) DEFAULT NULL,
  `total_guest_adults` int(11) DEFAULT 1,
  `total_guest_children` int(11) DEFAULT 0,
  `total_guest_infants` int(11) DEFAULT 0 COMMENT 'Age under 2 years age',
  `phone_number` int(15) DEFAULT NULL,
  `created_at` datetime DEFAULT NULL,
  `updated_at` datetime DEFAULT NULL,
  PRIMARY KEY (`id`),
  KEY `experience_id` (`experience_id`),
  KEY `payment_id` (`payment_id`),
  KEY `user_id` (`user_id`),
  KEY `experience_avl_id` (`experience_avl_id`),
  CONSTRAINT `experiences_order_ibfk_1` FOREIGN KEY (`experience_id`) REFERENCES `experiences` (`id`),
  CONSTRAINT `experiences_order_ibfk_2` FOREIGN KEY (`payment_id`) REFERENCES `experiences_payment` (`id`),
  CONSTRAINT `experiences_order_ibfk_3` FOREIGN KEY (`user_id`) REFERENCES `user` (`id`),
  CONSTRAINT `experiences_order_ibfk_4` FOREIGN KEY (`experience_avl_id`) REFERENCES `experience_availability` (`id`)
) ENGINE=InnoDB DEFAULT CHARSET=latin1;

INSERT INTO `experiences_order` (`id`, `experience_id`, `user_id`, `payment_id`, `experience_price`, `experience_adons_price`, `net_pay`, `experience_adons_ids`, `experience_adons_detail`, `experience_avl_id`, `experience_start_date`, `experience_end_date`, `schedule_detail`, `total_guest_adults`, `total_guest_children`, `total_guest_infants`, `phone_number`, `created_at`, `updated_at`) VALUES
(40,	36,	36,	43,	300,	130,	730,	'47,48',	'a:2:{i:0;a:3:{s:2:\"id\";s:2:\"47\";s:4:\"name\";s:4:\"food\";s:5:\"price\";s:2:\"15\";}i:1;a:3:{s:2:\"id\";s:2:\"48\";s:4:\"name\";s:10:\"Travelling\";s:5:\"price\";s:2:\"50\";}}',	307,	'2020-03-31',	'2020-04-01',	'a:3:{s:8:\"duration\";i:2;s:13:\"duration_type\";s:3:\"day\";s:10:\"group_size\";i:10;}',	1,	1,	0,	1234567890,	'2020-03-24 15:00:29',	'2020-03-24 15:00:29'),
(41,	34,	36,	44,	350,	0,	1050,	'',	'a:0:{}',	249,	'2020-03-24',	'2020-03-24',	'a:3:{s:8:\"duration\";i:1;s:13:\"duration_type\";s:3:\"day\";s:10:\"group_size\";i:10;}',	1,	1,	1,	NULL,	'2020-03-24 14:14:56',	NULL),
(42,	39,	36,	45,	700,	15,	715,	'52',	'a:1:{i:0;a:3:{s:2:\"id\";s:2:\"52\";s:4:\"name\";s:10:\"Travelling\";s:5:\"price\";s:2:\"15\";}}',	338,	'2020-03-26',	'2020-03-29',	'a:3:{s:8:\"duration\";i:4;s:13:\"duration_type\";s:3:\"day\";s:10:\"group_size\";i:5;}',	1,	0,	0,	NULL,	'2020-03-24 19:44:30',	NULL),
(43,	40,	36,	46,	260,	15,	275,	'53',	'a:1:{i:0;a:3:{s:2:\"id\";s:2:\"53\";s:4:\"name\";s:4:\"Food\";s:5:\"price\";s:2:\"15\";}}',	345,	'2020-03-28',	'2020-03-30',	'a:3:{s:8:\"duration\";i:3;s:13:\"duration_type\";s:3:\"day\";s:10:\"group_size\";i:8;}',	1,	0,	0,	NULL,	'2020-03-24 19:45:10',	NULL),
(44,	38,	36,	47,	400,	12,	412,	'51',	'a:1:{i:0;a:3:{s:2:\"id\";s:2:\"51\";s:4:\"name\";s:4:\"Food\";s:5:\"price\";s:2:\"12\";}}',	328,	'2020-03-25',	'2020-03-26',	'a:3:{s:8:\"duration\";i:2;s:13:\"duration_type\";s:3:\"day\";s:10:\"group_size\";i:41;}',	1,	0,	0,	NULL,	'2020-03-24 19:45:45',	NULL),
(45,	39,	36,	48,	700,	15,	715,	'52',	'a:1:{i:0;a:3:{s:2:\"id\";s:2:\"52\";s:4:\"name\";s:10:\"Travelling\";s:5:\"price\";s:2:\"15\";}}',	337,	'2020-03-28',	'2020-03-31',	'a:3:{s:8:\"duration\";i:4;s:13:\"duration_type\";s:3:\"day\";s:10:\"group_size\";i:5;}',	1,	0,	0,	NULL,	'2020-03-25 12:02:51',	NULL),
(46,	37,	36,	49,	520,	80,	600,	'49,50',	'a:2:{i:0;a:3:{s:2:\"id\";s:2:\"49\";s:4:\"name\";s:4:\"Food\";s:5:\"price\";s:2:\"50\";}i:1;a:3:{s:2:\"id\";s:2:\"50\";s:4:\"name\";s:10:\"travelling\";s:5:\"price\";s:2:\"30\";}}',	316,	'2020-03-28',	'2020-03-28',	'a:3:{s:8:\"duration\";i:5;s:13:\"duration_type\";s:5:\"hours\";s:10:\"group_size\";i:5;}',	1,	0,	0,	NULL,	'2020-03-25 12:03:48',	NULL),
(47,	38,	36,	50,	400,	24,	824,	'51',	'a:1:{i:0;a:3:{s:2:\"id\";s:2:\"51\";s:4:\"name\";s:4:\"Food\";s:5:\"price\";s:2:\"12\";}}',	329,	'2020-03-31',	'2020-04-01',	'a:3:{s:8:\"duration\";i:2;s:13:\"duration_type\";s:3:\"day\";s:10:\"group_size\";i:41;}',	2,	0,	0,	NULL,	'2020-03-30 21:04:17',	NULL),
(48,	23,	36,	51,	220,	134,	354,	'16,19',	'a:2:{i:0;a:3:{s:2:\"id\";s:2:\"16\";s:4:\"name\";s:4:\"Food\";s:5:\"price\";s:2:\"54\";}i:1;a:3:{s:2:\"id\";s:2:\"19\";s:4:\"name\";s:10:\"Travelling\";s:5:\"price\";s:2:\"80\";}}',	150,	'2020-04-16',	'2020-04-20',	'a:3:{s:8:\"duration\";i:5;s:13:\"duration_type\";s:3:\"day\";s:10:\"group_size\";i:1;}',	1,	0,	0,	1234567890,	'2020-04-09 18:29:24',	'2020-04-09 18:29:24');

DROP TABLE IF EXISTS `experiences_payment`;
CREATE TABLE `experiences_payment` (
  `id` int(11) NOT NULL AUTO_INCREMENT,
  `payment_success_id` varchar(100) NOT NULL,
  `user_id` int(11) NOT NULL,
  `experience_id` int(11) NOT NULL,
  `name` varchar(50) DEFAULT NULL,
  `email` varchar(50) DEFAULT NULL,
  `phone` varchar(20) DEFAULT NULL,
  `payment_description` varchar(100) DEFAULT NULL,
  `payment_amount` int(11) DEFAULT NULL,
  `payment_created` int(10) DEFAULT NULL,
  `payment_currency` varchar(10) DEFAULT NULL,
  `payment_receipt_email` varchar(100) DEFAULT NULL,
  `payment_receipt_url` varchar(256) DEFAULT NULL,
  `payment_brand` varchar(50) DEFAULT NULL,
  `payment_exp_month` int(10) DEFAULT NULL,
  `payment_exp_year` int(10) DEFAULT NULL,
  `payment_last4` int(10) DEFAULT NULL,
  `payment_country` varchar(50) DEFAULT NULL,
  `payment_network` varchar(10) DEFAULT NULL,
  `billing_city` varchar(50) DEFAULT NULL,
  `billing_state` varchar(50) DEFAULT NULL,
  `billing_country` varchar(50) DEFAULT NULL,
  `billing_postal_code` varchar(50) DEFAULT NULL,
  `billing_line1` varchar(50) DEFAULT NULL,
  `billing_line2` varchar(50) DEFAULT NULL,
  `payment_status` smallint(1) DEFAULT 1 COMMENT '0=>failure,1=>success',
  `created_at` datetime DEFAULT NULL,
  PRIMARY KEY (`id`),
  KEY `user_id` (`user_id`),
  KEY `experience_id` (`experience_id`),
  CONSTRAINT `experiences_payment_ibfk_1` FOREIGN KEY (`user_id`) REFERENCES `user` (`id`),
  CONSTRAINT `experiences_payment_ibfk_2` FOREIGN KEY (`experience_id`) REFERENCES `experiences` (`id`)
) ENGINE=InnoDB DEFAULT CHARSET=latin1;

INSERT INTO `experiences_payment` (`id`, `payment_success_id`, `user_id`, `experience_id`, `name`, `email`, `phone`, `payment_description`, `payment_amount`, `payment_created`, `payment_currency`, `payment_receipt_email`, `payment_receipt_url`, `payment_brand`, `payment_exp_month`, `payment_exp_year`, `payment_last4`, `payment_country`, `payment_network`, `billing_city`, `billing_state`, `billing_country`, `billing_postal_code`, `billing_line1`, `billing_line2`, `payment_status`, `created_at`) VALUES
(32,	'ch_1GLoQcAHwB8RivKjRydkKc6t',	22,	32,	'dev@bitcot.com',	NULL,	NULL,	'Booking For : 1 Guest $(1   542 ) = $542',	542,	1584009494,	'usd',	'dev@bitcot.com',	'https://pay.stripe.com/receipts/acct_1GBNSzAHwB8RivKj/ch_1GLoQcAHwB8RivKjRydkKc6t/rcpt_GtbdpTtags08vfH5KKW5lLBtoqfBsb5',	'visa',	12,	2022,	4242,	'US',	'visa',	NULL,	NULL,	NULL,	NULL,	NULL,	NULL,	1,	'2020-03-12 16:08:15'),
(33,	'ch_1GLpyJAHwB8RivKjy3DQQfze',	22,	30,	'dev@bitcot.com',	NULL,	NULL,	'Booking For : 1 Guest $(1   567 ) = $567',	567,	1584015427,	'usd',	'dev@bitcot.com',	'https://pay.stripe.com/receipts/acct_1GBNSzAHwB8RivKj/ch_1GLpyJAHwB8RivKjy3DQQfze/rcpt_GtdEz9bgfq0bLznPROtJyqqvVOLkr12',	'visa',	12,	2022,	4242,	'US',	'visa',	NULL,	NULL,	NULL,	NULL,	NULL,	NULL,	1,	'2020-03-12 17:47:08'),
(34,	'ch_1GLpzOAHwB8RivKjA5uKuQIu',	22,	34,	'dev@bitcot.com',	NULL,	NULL,	'Booking For : 1 Guest $(1   350 ) = $350',	350,	1584015494,	'usd',	'dev@bitcot.com',	'https://pay.stripe.com/receipts/acct_1GBNSzAHwB8RivKj/ch_1GLpzOAHwB8RivKjA5uKuQIu/rcpt_GtdFlSv2J1iqMCx9p2PiobNCgHxk1sq',	'visa',	12,	2022,	4242,	'US',	'visa',	NULL,	NULL,	NULL,	NULL,	NULL,	NULL,	1,	'2020-03-12 17:48:14'),
(35,	'ch_1GMA8aAHwB8RivKjxoO1Plp1',	36,	24,	'client.test@bitcot.com',	NULL,	NULL,	'Booking For : 1 Guest $(1   318 ) = $318',	318,	1584092944,	'usd',	'client.test@bitcot.com',	'https://pay.stripe.com/receipts/acct_1GBNSzAHwB8RivKj/ch_1GMA8aAHwB8RivKjxoO1Plp1/rcpt_Gty4V1ECul4PMJVk1OcHwEe83zreLsQ',	'visa',	12,	2022,	4242,	'US',	'visa',	NULL,	NULL,	NULL,	NULL,	NULL,	NULL,	1,	'2020-03-13 15:19:05'),
(36,	'ch_1GMBzwAHwB8RivKjb6HQtgSU',	36,	30,	'client.test@bitcot.com',	NULL,	NULL,	'Booking For : 1 Guest $(1   567 ) = $567',	567,	1584100096,	'usd',	'client.test@bitcot.com',	'https://pay.stripe.com/receipts/acct_1GBNSzAHwB8RivKj/ch_1GMBzwAHwB8RivKjb6HQtgSU/rcpt_GtzzfmY4O4KnemFHUNNuHo5GCxRv3zr',	'visa',	12,	2022,	4242,	'US',	'visa',	NULL,	NULL,	NULL,	NULL,	NULL,	NULL,	1,	'2020-03-13 17:18:16'),
(37,	'ch_1GOIc0AHwB8RivKjecAlCcDD',	36,	23,	'client.test@bitcot.com',	NULL,	NULL,	'Booking For : 6 Guest $(6   354 ) = $2124',	2124,	1584602176,	'usd',	'client.test@bitcot.com',	'https://pay.stripe.com/receipts/acct_1GBNSzAHwB8RivKj/ch_1GOIc0AHwB8RivKjecAlCcDD/rcpt_GwAxdl1XWoiYVdAzvHZQfyG86JVUZ6H',	'visa',	12,	2022,	4242,	'US',	'visa',	NULL,	NULL,	NULL,	NULL,	NULL,	NULL,	1,	'2020-03-19 12:46:17'),
(38,	'ch_1GOLF5AHwB8RivKjbn9sondE',	36,	29,	'client.test@bitcot.com',	NULL,	NULL,	'Booking For : 2 Guest $(2   772 ) = $1544',	1544,	1584612287,	'usd',	'client.test@bitcot.com',	'https://pay.stripe.com/receipts/acct_1GBNSzAHwB8RivKj/ch_1GOLF5AHwB8RivKjbn9sondE/rcpt_GwDgrZRvQQG7jlh5MT5mzO53YZ4aGCM',	'visa',	12,	2022,	4242,	'US',	'visa',	NULL,	NULL,	NULL,	NULL,	NULL,	NULL,	1,	'2020-03-19 15:34:48'),
(39,	'ch_1GOOB1AHwB8RivKjWRzktLkt',	39,	35,	'bitcot.test@gmail.com',	NULL,	NULL,	'Booking For : 3 Guest $(3   177 ) = $531',	531,	1584623567,	'usd',	'bitcot.test@gmail.com',	'https://pay.stripe.com/receipts/acct_1GBNSzAHwB8RivKj/ch_1GOOB1AHwB8RivKjWRzktLkt/rcpt_GwGi1eZmPLM1y0lJaFYdRrGiSj6TXlg',	'visa',	12,	2022,	4242,	'US',	'visa',	NULL,	NULL,	NULL,	NULL,	NULL,	NULL,	1,	'2020-03-19 18:42:48'),
(40,	'ch_1GOOlNAHwB8RivKjiD7ofrEi',	36,	36,	'client.test@bitcot.com',	NULL,	NULL,	'Booking For : 1 Guest $(1   365 ) = $365',	365,	1584625821,	'usd',	'client.test@bitcot.com',	'https://pay.stripe.com/receipts/acct_1GBNSzAHwB8RivKj/ch_1GOOlNAHwB8RivKjiD7ofrEi/rcpt_GwHKNomTPqz2VPMsWxGr5j1Vo5yTblu',	'visa',	12,	2022,	4242,	'US',	'visa',	NULL,	NULL,	NULL,	NULL,	NULL,	NULL,	1,	'2020-03-19 19:20:22'),
(41,	'ch_1GQ5bdAHwB8RivKjWNWX5xfk',	36,	24,	'client.test@bitcot.com',	NULL,	NULL,	'Booking For : 1 Guest $(1   235 ) = $235',	235,	1585028837,	'usd',	'client.test@bitcot.com',	'https://pay.stripe.com/receipts/acct_1GBNSzAHwB8RivKj/ch_1GQ5bdAHwB8RivKjWNWX5xfk/rcpt_Gy1eFTR2xRARbcqnysHJzPm9gLJVeh1',	'visa',	12,	2022,	4242,	'US',	'visa',	NULL,	NULL,	NULL,	NULL,	NULL,	NULL,	1,	'2020-03-24 11:17:18'),
(42,	'ch_1GQ5cOAHwB8RivKj2inTfe5u',	36,	34,	'client.test@bitcot.com',	NULL,	NULL,	'Booking For : 3 Guest $(3   350 ) = $1050',	1050,	1585028884,	'usd',	'client.test@bitcot.com',	'https://pay.stripe.com/receipts/acct_1GBNSzAHwB8RivKj/ch_1GQ5cOAHwB8RivKj2inTfe5u/rcpt_Gy1fCSSRedTk7Uc1KLAqoozYAfc2ykl',	'visa',	12,	2022,	4242,	'US',	'visa',	NULL,	NULL,	NULL,	NULL,	NULL,	NULL,	1,	'2020-03-24 11:18:04'),
(43,	'ch_1GQ61TAHwB8RivKjDUhuOSOv',	36,	36,	'client.test@bitcot.com',	NULL,	NULL,	'Booking For : 2 Guest $(2   365 ) = $730',	730,	1585030439,	'usd',	'client.test@bitcot.com',	'https://pay.stripe.com/receipts/acct_1GBNSzAHwB8RivKj/ch_1GQ61TAHwB8RivKjDUhuOSOv/rcpt_Gy25kJFoiu7dtULrX1QX9zWBIy1970H',	'visa',	12,	2032,	4242,	'US',	'visa',	NULL,	NULL,	NULL,	NULL,	NULL,	NULL,	1,	'2020-03-24 11:44:00'),
(44,	'ch_1GQ8NYAHwB8RivKjUYIJ1yK3',	36,	34,	'client.test@bitcot.com',	NULL,	NULL,	'Booking For : 3 Guest $(3   350 ) = $1050',	1050,	1585039496,	'usd',	'client.test@bitcot.com',	'https://pay.stripe.com/receipts/acct_1GBNSzAHwB8RivKj/ch_1GQ8NYAHwB8RivKjUYIJ1yK3/rcpt_Gy4WEumjVxR0kvFrLkGNOJZLnFmuW38',	'visa',	12,	2022,	4242,	'US',	'visa',	NULL,	NULL,	NULL,	NULL,	NULL,	NULL,	1,	'2020-03-24 14:14:56'),
(45,	'ch_1GQDWUAHwB8RivKjmS4eR9yI',	36,	39,	'client.test@bitcot.com',	NULL,	NULL,	'Booking For : 1 Guest $(1   715 ) = $715',	715,	1585059270,	'usd',	'client.test@bitcot.com',	'https://pay.stripe.com/receipts/acct_1GBNSzAHwB8RivKj/ch_1GQDWUAHwB8RivKjmS4eR9yI/rcpt_Gy9qiAVgazNTQ3tGlv9xwbGjVDP0IPG',	'visa',	12,	2022,	4242,	'US',	'visa',	NULL,	NULL,	NULL,	NULL,	NULL,	NULL,	1,	'2020-03-24 19:44:30'),
(46,	'ch_1GQDX8AHwB8RivKjilKDNgzn',	36,	40,	'client.test@bitcot.com',	NULL,	NULL,	'Booking For : 1 Guest $(1   275 ) = $275',	275,	1585059310,	'usd',	'client.test@bitcot.com',	'https://pay.stripe.com/receipts/acct_1GBNSzAHwB8RivKj/ch_1GQDX8AHwB8RivKjilKDNgzn/rcpt_Gy9qS9aEvZoqqpopK1OS0RNH934YQpC',	'visa',	12,	2022,	4242,	'US',	'visa',	NULL,	NULL,	NULL,	NULL,	NULL,	NULL,	1,	'2020-03-24 19:45:10'),
(47,	'ch_1GQDXhAHwB8RivKjcomxRKNr',	36,	38,	'client.test@bitcot.com',	NULL,	NULL,	'Booking For : 1 Guest $(1   412 ) = $412',	412,	1585059345,	'usd',	'client.test@bitcot.com',	'https://pay.stripe.com/receipts/acct_1GBNSzAHwB8RivKj/ch_1GQDXhAHwB8RivKjcomxRKNr/rcpt_Gy9rAzVypZdloFLBo5QmHaiWLwYmXBp',	'visa',	12,	2033,	4242,	'US',	'visa',	NULL,	NULL,	NULL,	NULL,	NULL,	NULL,	1,	'2020-03-24 19:45:45'),
(48,	'ch_1GQSnIAHwB8RivKj81QO5JaX',	36,	39,	'client.test@bitcot.com',	NULL,	NULL,	'Booking For : 1 Guest $(1   715 ) = $715',	715,	1585117972,	'usd',	'client.test@bitcot.com',	'https://pay.stripe.com/receipts/acct_1GBNSzAHwB8RivKj/ch_1GQSnIAHwB8RivKj81QO5JaX/rcpt_GyPcpXh3y3GGCyZXrbF3YxVtGkE8Azs',	'visa',	12,	2022,	4242,	'US',	'visa',	NULL,	NULL,	NULL,	NULL,	NULL,	NULL,	1,	'2020-03-25 12:02:51'),
(49,	'ch_1GQSoCAHwB8RivKjtaH6U57U',	36,	37,	'client.test@bitcot.com',	NULL,	NULL,	'Booking For : 1 Guest $(1   600 ) = $600',	600,	1585118028,	'usd',	'client.test@bitcot.com',	'https://pay.stripe.com/receipts/acct_1GBNSzAHwB8RivKj/ch_1GQSoCAHwB8RivKjtaH6U57U/rcpt_GyPdlF3Ha1jATzZ5lKlaD6J5Z5KC04g',	'visa',	12,	2022,	4242,	'US',	'visa',	NULL,	NULL,	NULL,	NULL,	NULL,	NULL,	1,	'2020-03-25 12:03:48'),
(50,	'ch_1GSPd6AHwB8RivKjW2IBDOvF',	36,	38,	'client.test@bitcot.com',	NULL,	NULL,	'Booking For : 2 Guest $(2   412 ) = $824',	824,	1585582464,	'usd',	'client.test@bitcot.com',	'https://pay.stripe.com/receipts/acct_1GBNSzAHwB8RivKj/ch_1GSPd6AHwB8RivKjW2IBDOvF/rcpt_H0QU5pKpGQ57EKr6tzRAL9M9yK0aPTz',	'visa',	12,	2022,	4242,	'US',	'visa',	NULL,	NULL,	NULL,	NULL,	NULL,	NULL,	1,	'2020-03-30 21:04:17'),
(51,	'ch_1GVzyGAHwB8RivKjo4Z5MFiw',	36,	23,	'client.test@bitcot.com',	NULL,	NULL,	'Booking For : 1 Guest $(1   354 ) = $354',	354,	1586437144,	'usd',	'client.test@bitcot.com',	'https://pay.stripe.com/receipts/acct_1GBNSzAHwB8RivKj/ch_1GVzyGAHwB8RivKjo4Z5MFiw/rcpt_H48EHENb4qOb4JDkwbRTpAwQVbjo1mX',	'visa',	12,	2022,	4242,	'US',	'visa',	NULL,	NULL,	NULL,	NULL,	NULL,	NULL,	1,	'2020-04-09 18:28:58');

DROP TABLE IF EXISTS `experiences_saved`;
CREATE TABLE `experiences_saved` (
  `id` int(11) NOT NULL AUTO_INCREMENT,
  `experiences_id` int(11) NOT NULL,
  `user_id` int(11) NOT NULL,
  `created_at` datetime DEFAULT NULL,
  PRIMARY KEY (`id`),
  KEY `experiences_id` (`experiences_id`),
  KEY `user_id` (`user_id`),
  CONSTRAINT `experiences_saved_ibfk_1` FOREIGN KEY (`experiences_id`) REFERENCES `experiences` (`id`),
  CONSTRAINT `experiences_saved_ibfk_2` FOREIGN KEY (`user_id`) REFERENCES `user` (`id`)
) ENGINE=InnoDB DEFAULT CHARSET=latin1;

INSERT INTO `experiences_saved` (`id`, `experiences_id`, `user_id`, `created_at`) VALUES
(47,	30,	20,	'2020-03-02 16:48:45'),
(60,	21,	20,	'2020-03-03 10:37:04'),
(67,	24,	22,	'2020-03-04 18:27:05'),
(68,	32,	22,	'2020-03-04 19:01:01'),
(69,	31,	22,	'2020-03-12 18:44:44'),
(75,	25,	36,	'2020-03-26 11:02:51');

DROP TABLE IF EXISTS `experience_add_ons`;
CREATE TABLE `experience_add_ons` (
  `id` int(11) NOT NULL AUTO_INCREMENT,
  `experiences_id` int(11) NOT NULL,
  `name` varchar(50) DEFAULT NULL,
  `description` varchar(100) DEFAULT NULL,
  `price` int(11) DEFAULT 0,
  `created_at` datetime DEFAULT NULL,
  `updated_at` datetime DEFAULT NULL,
  PRIMARY KEY (`id`),
  KEY `experiences_id` (`experiences_id`),
  CONSTRAINT `experience_add_ons_ibfk_1` FOREIGN KEY (`experiences_id`) REFERENCES `experiences` (`id`) ON DELETE CASCADE
) ENGINE=InnoDB DEFAULT CHARSET=latin1;

INSERT INTO `experience_add_ons` (`id`, `experiences_id`, `name`, `description`, `price`, `created_at`, `updated_at`) VALUES
(13,	22,	'AfterNoon Nasta',	'AfterNoon Nasta',	5,	'2020-02-13 15:28:02',	'2020-03-19 16:19:20'),
(14,	22,	'Morning Food',	'Morning Food',	5,	'2020-02-13 15:28:02',	'2020-03-19 16:19:20'),
(16,	23,	'Food',	'food will be available',	54,	'2020-02-13 16:45:45',	'2020-03-19 16:21:54'),
(19,	23,	'Travelling',	'travelling will be available',	80,	'2020-02-13 17:34:55',	'2020-03-19 16:21:54'),
(22,	24,	'Food',	'Food',	10,	'2020-02-21 16:05:13',	'2020-03-19 16:22:50'),
(23,	24,	'Travelling Facility',	'Travelling Facility',	15,	'2020-02-21 16:05:13',	'2020-03-19 16:22:50'),
(24,	25,	'Travelling Facility',	'Travelling Facility',	8,	'2020-02-21 16:07:34',	'2020-03-19 16:23:57'),
(25,	26,	'Travelling facility',	'You will get Travelling facility for full trip',	12,	'2020-02-21 16:08:54',	'2020-03-19 16:25:22'),
(26,	26,	'Food',	'You will get food for full trip',	8,	'2020-02-21 16:08:54',	'2020-03-19 16:25:22'),
(27,	27,	'gdfg',	'gdfgdfgdfg',	10,	'2020-02-21 16:10:30',	'2020-02-21 16:10:30'),
(28,	28,	'Safety',	'We will safe you in full trip',	10,	'2020-02-21 16:14:54',	'2020-03-19 16:26:39'),
(29,	29,	'Morning food',	'You will get food every day in morning',	150,	'2020-02-21 16:15:53',	'2020-02-28 11:20:43'),
(30,	29,	'Evening Food',	'450',	200,	'2020-02-28 11:20:43',	'2020-02-28 11:20:43'),
(31,	31,	'BreakFast',	'You will get every breakFast lunch',	2,	'2020-03-03 15:33:58',	'2020-03-19 16:55:53'),
(32,	31,	'Lunch',	'You will get every morning lunch',	2,	'2020-03-03 15:33:58',	'2020-03-19 16:55:53'),
(33,	31,	'Diner',	'Deaner is valiable',	5,	'2020-03-03 15:33:58',	'2020-03-19 16:55:53'),
(34,	30,	'Lunch',	'get every day luch',	15,	'2020-03-04 14:52:21',	'2020-03-04 16:17:28'),
(35,	30,	'Deaner',	'get every day deaner',	12,	'2020-03-04 14:52:21',	'2020-03-04 16:17:28'),
(36,	21,	'Nasta',	'your will get nasta',	10,	'2020-03-05 16:09:08',	'2020-03-19 17:02:53'),
(37,	21,	'Lunch',	'your will get lunch',	10,	'2020-03-05 16:09:08',	'2020-03-19 17:02:53'),
(38,	25,	'Food',	'You will get food for trip',	11,	'2020-03-19 16:23:57',	'2020-03-19 16:23:57'),
(39,	28,	'Travelling',	'you will get travelling facility for full trip',	12,	'2020-03-19 16:26:39',	'2020-03-19 16:26:39'),
(40,	28,	'Food',	'you will get food for full trip',	15,	'2020-03-19 16:26:39',	'2020-03-19 16:26:39'),
(41,	32,	'Travelling',	'You will get travelling facility for full trip',	15,	'2020-03-19 16:28:27',	'2020-03-19 16:28:47'),
(42,	32,	'Food',	'You will get food in full trip',	12,	'2020-03-19 16:28:27',	'2020-03-19 16:28:47'),
(43,	33,	'Animal expert faciliy',	'Animal expert faciliy',	5,	'2020-03-19 16:30:41',	'2020-03-19 16:30:41'),
(44,	33,	'Animal safety kit',	'Animal safety kit',	10,	'2020-03-19 16:30:41',	'2020-03-19 16:30:41'),
(45,	35,	'Food',	'You will allowed free food',	15,	'2020-03-19 18:38:03',	'2020-03-19 18:38:03'),
(46,	35,	'Traveeling ',	'You will allowed free travelling',	12,	'2020-03-19 18:38:03',	'2020-03-19 18:38:03'),
(47,	36,	'food',	'free food',	15,	'2020-03-19 19:16:46',	'2020-03-19 19:16:46'),
(48,	36,	'Travelling',	'free travelling',	50,	'2020-03-19 19:16:46',	'2020-03-19 19:16:46'),
(49,	37,	'Food',	'get free food',	50,	'2020-03-19 19:37:37',	'2020-03-19 19:38:55'),
(50,	37,	'travelling',	'get free travelling',	30,	'2020-03-19 19:37:37',	'2020-03-19 19:38:55'),
(51,	38,	'Food',	'Get free food',	12,	'2020-03-24 19:32:40',	'2020-03-24 19:32:40'),
(52,	39,	'Travelling',	'Travelling',	15,	'2020-03-24 19:39:57',	'2020-03-24 19:39:57'),
(53,	40,	'Food',	'Food',	15,	'2020-03-24 19:43:07',	'2020-03-24 19:43:07'),
(54,	40,	'Travelling',	'Food',	40,	'2020-03-24 19:43:07',	'2020-03-24 19:43:07');

DROP TABLE IF EXISTS `experience_availability`;
CREATE TABLE `experience_availability` (
  `id` int(11) NOT NULL AUTO_INCREMENT,
  `experiences_id` int(11) NOT NULL,
  `year` int(11) DEFAULT NULL,
  `month` int(11) DEFAULT NULL,
  `date` int(11) DEFAULT NULL,
  `created_at` datetime DEFAULT NULL,
  `updated_at` datetime DEFAULT NULL,
  PRIMARY KEY (`id`),
  KEY `experiences_id` (`experiences_id`),
  CONSTRAINT `experience_availability_ibfk_1` FOREIGN KEY (`experiences_id`) REFERENCES `experiences` (`id`) ON DELETE CASCADE
) ENGINE=InnoDB DEFAULT CHARSET=latin1;

INSERT INTO `experience_availability` (`id`, `experiences_id`, `year`, `month`, `date`, `created_at`, `updated_at`) VALUES
(3,	22,	2020,	2,	25,	'2020-02-13 00:00:00',	'2020-02-18 00:00:00'),
(23,	22,	2020,	2,	23,	'2020-02-13 00:00:00',	'2020-02-18 00:00:00'),
(24,	22,	NULL,	NULL,	NULL,	'2020-02-13 00:00:00',	'2020-02-18 00:00:00'),
(25,	22,	NULL,	NULL,	NULL,	'2020-02-13 00:00:00',	'2020-02-18 00:00:00'),
(31,	23,	NULL,	NULL,	NULL,	'2020-02-13 00:00:00',	'2020-02-19 00:00:00'),
(32,	23,	NULL,	NULL,	NULL,	'2020-02-13 00:00:00',	'2020-02-19 00:00:00'),
(33,	23,	NULL,	NULL,	NULL,	'2020-02-13 00:00:00',	'2020-02-19 00:00:00'),
(34,	22,	2020,	2,	17,	'2020-02-19 00:00:00',	'2020-02-19 00:00:00'),
(36,	22,	2020,	2,	21,	'2020-02-19 00:00:00',	'2020-02-19 00:00:00'),
(37,	22,	2020,	3,	1,	'2020-02-19 00:00:00',	'2020-02-19 00:00:00'),
(38,	22,	2020,	3,	4,	'2020-02-19 00:00:00',	'2020-02-19 00:00:00'),
(39,	22,	2020,	3,	17,	'2020-02-19 00:00:00',	'2020-02-19 00:00:00'),
(40,	22,	2020,	3,	23,	'2020-02-19 00:00:00',	'2020-02-19 00:00:00'),
(41,	22,	2020,	3,	9,	'2020-02-19 00:00:00',	'2020-02-19 00:00:00'),
(42,	22,	2020,	3,	28,	'2020-02-19 00:00:00',	'2020-02-19 00:00:00'),
(43,	22,	2020,	3,	27,	'2020-02-19 00:00:00',	'2020-02-19 00:00:00'),
(44,	22,	2020,	2,	2,	'2020-02-19 00:00:00',	'2020-02-19 00:00:00'),
(45,	22,	2020,	2,	3,	'2020-02-19 00:00:00',	'2020-02-19 00:00:00'),
(46,	22,	2020,	2,	4,	'2020-02-19 00:00:00',	'2020-02-19 00:00:00'),
(47,	22,	2020,	2,	12,	'2020-02-19 00:00:00',	'2020-02-19 00:00:00'),
(48,	22,	2020,	2,	18,	'2020-02-19 00:00:00',	'2020-02-19 00:00:00'),
(49,	22,	2020,	2,	19,	'2020-02-19 00:00:00',	'2020-02-19 00:00:00'),
(50,	22,	2020,	5,	4,	'2020-02-19 00:00:00',	'2020-02-19 00:00:00'),
(51,	22,	2020,	5,	3,	'2020-02-19 00:00:00',	'2020-02-19 00:00:00'),
(52,	21,	2020,	2,	29,	'2020-02-27 00:00:00',	'2020-02-27 00:00:00'),
(54,	21,	2020,	3,	12,	'2020-02-27 00:00:00',	'2020-02-27 00:00:00'),
(60,	21,	2020,	3,	16,	'2020-02-27 00:00:00',	'2020-02-27 00:00:00'),
(61,	21,	2020,	4,	10,	'2020-02-27 00:00:00',	'2020-02-27 00:00:00'),
(62,	21,	2020,	4,	16,	'2020-02-27 00:00:00',	'2020-02-27 00:00:00'),
(63,	21,	2020,	4,	14,	'2020-02-27 00:00:00',	'2020-02-27 00:00:00'),
(65,	21,	2020,	4,	28,	'2020-02-27 00:00:00',	'2020-02-27 00:00:00'),
(66,	29,	2020,	2,	29,	'2020-02-28 00:00:00',	'2020-02-28 00:00:00'),
(67,	29,	2020,	2,	28,	'2020-02-28 00:00:00',	'2020-02-28 00:00:00'),
(68,	29,	2020,	3,	5,	'2020-02-28 00:00:00',	'2020-02-28 00:00:00'),
(70,	29,	2020,	3,	10,	'2020-02-28 00:00:00',	'2020-02-28 00:00:00'),
(73,	32,	2020,	2,	29,	'2020-02-28 00:00:00',	'2020-02-28 00:00:00'),
(74,	32,	2020,	2,	28,	'2020-02-28 00:00:00',	'2020-02-28 00:00:00'),
(75,	32,	2020,	3,	1,	'2020-02-28 00:00:00',	'2020-02-28 00:00:00'),
(76,	32,	2020,	3,	8,	'2020-02-28 00:00:00',	'2020-02-28 00:00:00'),
(77,	32,	2020,	3,	12,	'2020-02-28 00:00:00',	'2020-02-28 00:00:00'),
(79,	32,	2020,	3,	17,	'2020-02-28 00:00:00',	'2020-02-28 00:00:00'),
(80,	32,	2020,	3,	21,	'2020-02-28 00:00:00',	'2020-02-28 00:00:00'),
(82,	32,	2020,	3,	30,	'2020-02-28 00:00:00',	'2020-02-28 00:00:00'),
(88,	25,	2020,	3,	2,	'2020-03-02 00:00:00',	'2020-03-02 00:00:00'),
(99,	25,	2020,	3,	7,	'2020-03-02 00:00:00',	'2020-03-02 00:00:00'),
(106,	25,	2020,	3,	24,	'2020-03-02 00:00:00',	'2020-03-02 00:00:00'),
(112,	25,	2020,	3,	28,	'2020-03-02 00:00:00',	'2020-03-02 00:00:00'),
(113,	25,	2020,	3,	10,	'2020-03-02 00:00:00',	'2020-03-02 00:00:00'),
(118,	21,	2020,	6,	5,	'2020-03-02 00:00:00',	'2020-03-02 00:00:00'),
(119,	21,	2020,	6,	10,	'2020-03-02 00:00:00',	'2020-03-02 00:00:00'),
(120,	21,	2020,	6,	20,	'2020-03-02 00:00:00',	'2020-03-02 00:00:00'),
(121,	21,	2020,	6,	28,	'2020-03-02 00:00:00',	'2020-03-02 00:00:00'),
(126,	21,	2020,	3,	13,	'2020-03-03 00:00:00',	'2020-03-03 00:00:00'),
(129,	21,	2020,	3,	14,	'2020-03-03 00:00:00',	'2020-03-03 00:00:00'),
(133,	21,	2020,	3,	28,	'2020-03-03 00:00:00',	'2020-03-03 00:00:00'),
(134,	21,	2020,	3,	29,	'2020-03-03 00:00:00',	'2020-03-03 00:00:00'),
(138,	21,	2020,	3,	15,	'2020-03-03 00:00:00',	'2020-03-03 00:00:00'),
(141,	21,	2020,	3,	6,	'2020-03-03 00:00:00',	'2020-03-03 00:00:00'),
(142,	21,	2020,	3,	7,	'2020-03-03 00:00:00',	'2020-03-03 00:00:00'),
(143,	23,	2020,	3,	7,	'2020-03-03 00:00:00',	'2020-03-03 00:00:00'),
(144,	23,	2020,	3,	12,	'2020-03-03 00:00:00',	'2020-03-03 00:00:00'),
(145,	23,	2020,	3,	17,	'2020-03-03 00:00:00',	'2020-03-03 00:00:00'),
(146,	23,	2020,	3,	27,	'2020-03-03 00:00:00',	'2020-03-03 00:00:00'),
(147,	23,	2020,	3,	31,	'2020-03-03 00:00:00',	'2020-03-03 00:00:00'),
(148,	23,	2020,	4,	2,	'2020-03-03 00:00:00',	'2020-03-03 00:00:00'),
(150,	23,	2020,	4,	16,	'2020-03-03 00:00:00',	'2020-03-03 00:00:00'),
(151,	23,	2020,	4,	22,	'2020-03-03 00:00:00',	'2020-03-03 00:00:00'),
(152,	23,	2020,	4,	19,	'2020-03-03 00:00:00',	'2020-03-03 00:00:00'),
(153,	22,	2020,	4,	9,	'2020-03-03 00:00:00',	'2020-03-03 00:00:00'),
(154,	22,	2020,	4,	22,	'2020-03-03 00:00:00',	'2020-03-03 00:00:00'),
(155,	22,	2020,	4,	26,	'2020-03-03 00:00:00',	'2020-03-03 00:00:00'),
(156,	24,	2020,	3,	7,	'2020-03-03 00:00:00',	'2020-03-03 00:00:00'),
(157,	24,	2020,	3,	17,	'2020-03-03 00:00:00',	'2020-03-03 00:00:00'),
(158,	24,	2020,	3,	21,	'2020-03-03 00:00:00',	'2020-03-03 00:00:00'),
(159,	24,	2020,	3,	31,	'2020-03-03 00:00:00',	'2020-03-03 00:00:00'),
(160,	24,	2020,	4,	2,	'2020-03-03 00:00:00',	'2020-03-03 00:00:00'),
(161,	24,	2020,	4,	16,	'2020-03-03 00:00:00',	'2020-03-03 00:00:00'),
(162,	24,	2020,	4,	21,	'2020-03-03 00:00:00',	'2020-03-03 00:00:00'),
(163,	24,	2020,	4,	26,	'2020-03-03 00:00:00',	'2020-03-03 00:00:00'),
(165,	25,	2020,	3,	19,	'2020-03-03 00:00:00',	'2020-03-03 00:00:00'),
(166,	25,	2020,	4,	2,	'2020-03-03 00:00:00',	'2020-03-03 00:00:00'),
(167,	25,	2020,	4,	8,	'2020-03-03 00:00:00',	'2020-03-03 00:00:00'),
(168,	25,	2020,	4,	17,	'2020-03-03 00:00:00',	'2020-03-03 00:00:00'),
(169,	25,	2020,	4,	22,	'2020-03-03 00:00:00',	'2020-03-03 00:00:00'),
(170,	25,	2020,	4,	26,	'2020-03-03 00:00:00',	'2020-03-03 00:00:00'),
(171,	25,	2020,	4,	29,	'2020-03-03 00:00:00',	'2020-03-03 00:00:00'),
(172,	26,	2020,	3,	6,	'2020-03-03 00:00:00',	'2020-03-03 00:00:00'),
(173,	26,	2020,	3,	11,	'2020-03-03 00:00:00',	'2020-03-03 00:00:00'),
(174,	26,	2020,	3,	21,	'2020-03-03 00:00:00',	'2020-03-03 00:00:00'),
(175,	26,	2020,	3,	24,	'2020-03-03 00:00:00',	'2020-03-03 00:00:00'),
(176,	26,	2020,	4,	10,	'2020-03-03 00:00:00',	'2020-03-03 00:00:00'),
(177,	26,	2020,	4,	14,	'2020-03-03 00:00:00',	'2020-03-03 00:00:00'),
(178,	26,	2020,	4,	18,	'2020-03-03 00:00:00',	'2020-03-03 00:00:00'),
(179,	26,	2020,	4,	23,	'2020-03-03 00:00:00',	'2020-03-03 00:00:00'),
(180,	26,	2020,	4,	28,	'2020-03-03 00:00:00',	'2020-03-03 00:00:00'),
(181,	27,	2020,	3,	5,	'2020-03-03 00:00:00',	'2020-03-03 00:00:00'),
(182,	27,	2020,	3,	17,	'2020-03-03 00:00:00',	'2020-03-03 00:00:00'),
(183,	27,	2020,	3,	22,	'2020-03-03 00:00:00',	'2020-03-03 00:00:00'),
(184,	27,	2020,	3,	19,	'2020-03-03 00:00:00',	'2020-03-03 00:00:00'),
(185,	27,	2020,	4,	3,	'2020-03-03 00:00:00',	'2020-03-03 00:00:00'),
(186,	27,	2020,	4,	8,	'2020-03-03 00:00:00',	'2020-03-03 00:00:00'),
(187,	27,	2020,	4,	18,	'2020-03-03 00:00:00',	'2020-03-03 00:00:00'),
(188,	27,	2020,	4,	21,	'2020-03-03 00:00:00',	'2020-03-03 00:00:00'),
(189,	27,	2020,	4,	25,	'2020-03-03 00:00:00',	'2020-03-03 00:00:00'),
(191,	28,	2020,	3,	7,	'2020-03-03 00:00:00',	'2020-03-03 00:00:00'),
(192,	28,	2020,	3,	11,	'2020-03-03 00:00:00',	'2020-03-03 00:00:00'),
(193,	28,	2020,	3,	21,	'2020-03-03 00:00:00',	'2020-03-03 00:00:00'),
(194,	28,	2020,	3,	24,	'2020-03-03 00:00:00',	'2020-03-03 00:00:00'),
(195,	28,	2020,	3,	31,	'2020-03-03 00:00:00',	'2020-03-03 00:00:00'),
(196,	28,	2020,	4,	9,	'2020-03-03 00:00:00',	'2020-03-03 00:00:00'),
(197,	28,	2020,	4,	16,	'2020-03-03 00:00:00',	'2020-03-03 00:00:00'),
(198,	28,	2020,	4,	13,	'2020-03-03 00:00:00',	'2020-03-03 00:00:00'),
(199,	28,	2020,	4,	30,	'2020-03-03 00:00:00',	'2020-03-03 00:00:00'),
(200,	28,	2020,	4,	5,	'2020-03-03 00:00:00',	'2020-03-03 00:00:00'),
(201,	28,	2020,	4,	1,	'2020-03-03 00:00:00',	'2020-03-03 00:00:00'),
(202,	29,	2020,	3,	28,	'2020-03-03 00:00:00',	'2020-03-03 00:00:00'),
(204,	29,	2020,	4,	9,	'2020-03-03 00:00:00',	'2020-03-03 00:00:00'),
(205,	29,	2020,	4,	13,	'2020-03-03 00:00:00',	'2020-03-03 00:00:00'),
(206,	29,	2020,	4,	17,	'2020-03-03 00:00:00',	'2020-03-03 00:00:00'),
(207,	29,	2020,	4,	23,	'2020-03-03 00:00:00',	'2020-03-03 00:00:00'),
(208,	29,	2020,	4,	29,	'2020-03-03 00:00:00',	'2020-03-03 00:00:00'),
(209,	30,	2020,	3,	5,	'2020-03-03 00:00:00',	'2020-03-03 00:00:00'),
(210,	30,	2020,	3,	11,	'2020-03-03 00:00:00',	'2020-03-03 00:00:00'),
(211,	30,	2020,	3,	21,	'2020-03-03 00:00:00',	'2020-03-03 00:00:00'),
(212,	30,	2020,	3,	24,	'2020-03-03 00:00:00',	'2020-03-03 00:00:00'),
(213,	30,	2020,	4,	2,	'2020-03-03 00:00:00',	'2020-03-03 00:00:00'),
(214,	30,	2020,	4,	8,	'2020-03-03 00:00:00',	'2020-03-03 00:00:00'),
(215,	30,	2020,	4,	19,	'2020-03-03 00:00:00',	'2020-03-03 00:00:00'),
(216,	30,	2020,	4,	15,	'2020-03-03 00:00:00',	'2020-03-03 00:00:00'),
(217,	30,	2020,	4,	21,	'2020-03-03 00:00:00',	'2020-03-03 00:00:00'),
(218,	30,	2020,	4,	24,	'2020-03-03 00:00:00',	'2020-03-03 00:00:00'),
(219,	31,	2020,	3,	7,	'2020-03-03 00:00:00',	'2020-03-03 00:00:00'),
(220,	31,	2020,	3,	17,	'2020-03-03 00:00:00',	'2020-03-03 00:00:00'),
(221,	31,	2020,	3,	12,	'2020-03-03 00:00:00',	'2020-03-03 00:00:00'),
(222,	31,	2020,	3,	22,	'2020-03-03 00:00:00',	'2020-03-03 00:00:00'),
(223,	31,	2020,	3,	26,	'2020-03-03 00:00:00',	'2020-03-03 00:00:00'),
(224,	31,	2020,	3,	31,	'2020-03-03 00:00:00',	'2020-03-03 00:00:00'),
(225,	31,	2020,	4,	3,	'2020-03-03 00:00:00',	'2020-03-03 00:00:00'),
(226,	31,	2020,	4,	9,	'2020-03-03 00:00:00',	'2020-03-03 00:00:00'),
(227,	31,	2020,	4,	14,	'2020-03-03 00:00:00',	'2020-03-03 00:00:00'),
(228,	31,	2020,	4,	17,	'2020-03-03 00:00:00',	'2020-03-03 00:00:00'),
(229,	31,	2020,	4,	23,	'2020-03-03 00:00:00',	'2020-03-03 00:00:00'),
(230,	31,	2020,	4,	29,	'2020-03-03 00:00:00',	'2020-03-03 00:00:00'),
(231,	32,	2020,	4,	9,	'2020-03-03 00:00:00',	'2020-03-03 00:00:00'),
(232,	32,	2020,	4,	7,	'2020-03-03 00:00:00',	'2020-03-03 00:00:00'),
(233,	32,	2020,	4,	18,	'2020-03-03 00:00:00',	'2020-03-03 00:00:00'),
(234,	32,	2020,	4,	22,	'2020-03-03 00:00:00',	'2020-03-03 00:00:00'),
(235,	32,	2020,	4,	26,	'2020-03-03 00:00:00',	'2020-03-03 00:00:00'),
(236,	32,	2020,	4,	30,	'2020-03-03 00:00:00',	'2020-03-03 00:00:00'),
(237,	32,	2020,	5,	7,	'2020-03-03 00:00:00',	'2020-03-03 00:00:00'),
(238,	32,	2020,	5,	21,	'2020-03-03 00:00:00',	'2020-03-03 00:00:00'),
(239,	32,	2020,	5,	19,	'2020-03-03 00:00:00',	'2020-03-03 00:00:00'),
(240,	33,	2020,	3,	5,	'2020-03-04 00:00:00',	'2020-03-04 00:00:00'),
(241,	33,	2020,	3,	13,	'2020-03-04 00:00:00',	'2020-03-04 00:00:00'),
(242,	33,	2020,	3,	17,	'2020-03-04 00:00:00',	'2020-03-04 00:00:00'),
(243,	33,	2020,	3,	18,	'2020-03-04 00:00:00',	'2020-03-04 00:00:00'),
(244,	33,	2020,	3,	21,	'2020-03-04 00:00:00',	'2020-03-04 00:00:00'),
(245,	33,	2020,	3,	24,	'2020-03-04 00:00:00',	'2020-03-04 00:00:00'),
(246,	34,	2020,	3,	5,	'2020-03-04 00:00:00',	'2020-03-04 00:00:00'),
(247,	34,	2020,	3,	18,	'2020-03-04 00:00:00',	'2020-03-04 00:00:00'),
(248,	34,	2020,	3,	20,	'2020-03-04 00:00:00',	'2020-03-04 00:00:00'),
(249,	34,	2020,	3,	24,	'2020-03-04 00:00:00',	'2020-03-04 00:00:00'),
(251,	31,	2020,	3,	14,	'2020-03-05 00:00:00',	'2020-03-05 00:00:00'),
(252,	31,	2020,	3,	6,	'2020-03-05 00:00:00',	'2020-03-05 00:00:00'),
(254,	31,	2020,	3,	20,	'2020-03-05 00:00:00',	'2020-03-05 00:00:00'),
(255,	21,	2020,	4,	19,	'2020-03-19 00:00:00',	'2020-03-19 00:00:00'),
(257,	21,	2020,	4,	30,	'2020-03-19 00:00:00',	'2020-03-19 00:00:00'),
(290,	21,	2020,	3,	22,	'2020-03-19 00:00:00',	'2020-03-19 00:00:00'),
(291,	21,	2020,	3,	21,	'2020-03-19 00:00:00',	'2020-03-19 00:00:00'),
(295,	29,	2020,	3,	19,	'2020-03-19 00:00:00',	'2020-03-19 00:00:00'),
(296,	29,	2020,	3,	31,	'2020-03-19 00:00:00',	'2020-03-19 00:00:00'),
(297,	35,	2020,	3,	20,	'2020-03-19 00:00:00',	'2020-03-19 00:00:00'),
(298,	35,	2020,	3,	26,	'2020-03-19 00:00:00',	'2020-03-19 00:00:00'),
(299,	35,	2020,	3,	31,	'2020-03-19 00:00:00',	'2020-03-19 00:00:00'),
(300,	35,	2020,	3,	29,	'2020-03-19 00:00:00',	'2020-03-19 00:00:00'),
(301,	35,	2020,	4,	2,	'2020-03-19 00:00:00',	'2020-03-19 00:00:00'),
(302,	35,	2020,	4,	14,	'2020-03-19 00:00:00',	'2020-03-19 00:00:00'),
(303,	35,	2020,	4,	17,	'2020-03-19 00:00:00',	'2020-03-19 00:00:00'),
(304,	35,	2020,	4,	30,	'2020-03-19 00:00:00',	'2020-03-19 00:00:00'),
(305,	36,	2020,	3,	20,	'2020-03-19 00:00:00',	'2020-03-19 00:00:00'),
(306,	36,	2020,	3,	27,	'2020-03-19 00:00:00',	'2020-03-19 00:00:00'),
(307,	36,	2020,	3,	31,	'2020-03-19 00:00:00',	'2020-03-19 00:00:00'),
(308,	36,	2020,	4,	4,	'2020-03-19 00:00:00',	'2020-03-19 00:00:00'),
(309,	36,	2020,	4,	8,	'2020-03-19 00:00:00',	'2020-03-19 00:00:00'),
(310,	36,	2020,	4,	16,	'2020-03-19 00:00:00',	'2020-03-19 00:00:00'),
(311,	36,	2020,	4,	23,	'2020-03-19 00:00:00',	'2020-03-19 00:00:00'),
(312,	36,	2020,	4,	21,	'2020-03-19 00:00:00',	'2020-03-19 00:00:00'),
(313,	36,	2020,	4,	28,	'2020-03-19 00:00:00',	'2020-03-19 00:00:00'),
(314,	36,	2020,	4,	18,	'2020-03-19 00:00:00',	'2020-03-19 00:00:00'),
(315,	37,	2020,	3,	19,	'2020-03-19 00:00:00',	'2020-03-19 00:00:00'),
(316,	37,	2020,	3,	28,	'2020-03-19 00:00:00',	'2020-03-19 00:00:00'),
(317,	37,	2020,	3,	31,	'2020-03-19 00:00:00',	'2020-03-19 00:00:00'),
(318,	37,	2020,	7,	3,	'2020-03-19 00:00:00',	'2020-03-19 00:00:00'),
(319,	37,	2020,	7,	16,	'2020-03-19 00:00:00',	'2020-03-19 00:00:00'),
(320,	37,	2020,	7,	21,	'2020-03-19 00:00:00',	'2020-03-19 00:00:00'),
(321,	37,	2020,	7,	26,	'2020-03-19 00:00:00',	'2020-03-19 00:00:00'),
(322,	37,	2020,	7,	31,	'2020-03-19 00:00:00',	'2020-03-19 00:00:00'),
(323,	37,	2020,	4,	3,	'2020-03-19 00:00:00',	'2020-03-19 00:00:00'),
(324,	37,	2020,	4,	8,	'2020-03-19 00:00:00',	'2020-03-19 00:00:00'),
(325,	37,	2020,	4,	18,	'2020-03-19 00:00:00',	'2020-03-19 00:00:00'),
(326,	37,	2020,	4,	23,	'2020-03-19 00:00:00',	'2020-03-19 00:00:00'),
(327,	37,	2020,	4,	21,	'2020-03-19 00:00:00',	'2020-03-19 00:00:00'),
(328,	38,	2020,	3,	25,	'2020-03-24 00:00:00',	'2020-03-24 00:00:00'),
(329,	38,	2020,	3,	31,	'2020-03-24 00:00:00',	'2020-03-24 00:00:00'),
(330,	38,	2020,	3,	28,	'2020-03-24 00:00:00',	'2020-03-24 00:00:00'),
(331,	38,	2020,	4,	3,	'2020-03-24 00:00:00',	'2020-03-24 00:00:00'),
(332,	38,	2020,	4,	8,	'2020-03-24 00:00:00',	'2020-03-24 00:00:00'),
(333,	38,	2020,	4,	18,	'2020-03-24 00:00:00',	'2020-03-24 00:00:00'),
(334,	38,	2020,	4,	22,	'2020-03-24 00:00:00',	'2020-03-24 00:00:00'),
(335,	38,	2020,	4,	14,	'2020-03-24 00:00:00',	'2020-03-24 00:00:00'),
(336,	38,	2020,	4,	30,	'2020-03-24 00:00:00',	'2020-03-24 00:00:00'),
(337,	39,	2020,	3,	28,	'2020-03-24 00:00:00',	'2020-03-24 00:00:00'),
(338,	39,	2020,	3,	26,	'2020-03-24 00:00:00',	'2020-03-24 00:00:00'),
(339,	39,	2020,	3,	31,	'2020-03-24 00:00:00',	'2020-03-24 00:00:00'),
(340,	39,	2020,	4,	1,	'2020-03-24 00:00:00',	'2020-03-24 00:00:00'),
(341,	39,	2020,	4,	10,	'2020-03-24 00:00:00',	'2020-03-24 00:00:00'),
(342,	39,	2020,	4,	15,	'2020-03-24 00:00:00',	'2020-03-24 00:00:00'),
(343,	39,	2020,	4,	23,	'2020-03-24 00:00:00',	'2020-03-24 00:00:00'),
(344,	39,	2020,	4,	29,	'2020-03-24 00:00:00',	'2020-03-24 00:00:00'),
(345,	40,	2020,	3,	28,	'2020-03-24 00:00:00',	'2020-03-24 00:00:00'),
(346,	40,	2020,	3,	24,	'2020-03-24 00:00:00',	'2020-03-24 00:00:00'),
(347,	40,	2020,	4,	3,	'2020-03-24 00:00:00',	'2020-03-24 00:00:00'),
(348,	40,	2020,	4,	9,	'2020-03-24 00:00:00',	'2020-03-24 00:00:00'),
(349,	40,	2020,	4,	15,	'2020-03-24 00:00:00',	'2020-03-24 00:00:00'),
(350,	40,	2020,	4,	24,	'2020-03-24 00:00:00',	'2020-03-24 00:00:00'),
(351,	40,	2020,	4,	29,	'2020-03-24 00:00:00',	'2020-03-24 00:00:00');

DROP TABLE IF EXISTS `experience_categories`;
CREATE TABLE `experience_categories` (
  `id` int(11) NOT NULL AUTO_INCREMENT,
  `name` varchar(100) NOT NULL,
  `title` varchar(256) NOT NULL,
  `description` text DEFAULT NULL,
  `slug` varchar(100) DEFAULT NULL,
  `category_image_url` varchar(255) DEFAULT NULL,
  `category_video_url` varchar(255) DEFAULT NULL,
  `parent_id` int(11) DEFAULT NULL,
  `status` smallint(6) NOT NULL DEFAULT 1,
  `featured` smallint(1) DEFAULT 0,
  `featured_date` datetime DEFAULT NULL,
  `created_at` datetime DEFAULT NULL,
  `updated_at` datetime DEFAULT NULL,
  PRIMARY KEY (`id`)
) ENGINE=InnoDB DEFAULT CHARSET=latin1;

INSERT INTO `experience_categories` (`id`, `name`, `title`, `description`, `slug`, `category_image_url`, `category_video_url`, `parent_id`, `status`, `featured`, `featured_date`, `created_at`, `updated_at`) VALUES
(28,	'Cooking',	'Make and eat meals with locals who treat you like family',	'Make and eat meals with locals who treat you like family\r\n',	'cooking',	'uploads/categories/1ce14ba5-aa0e-4ab9-955d-5c7180f4c075.jpg',	NULL,	NULL,	1,	1,	'2020-02-29 12:41:49',	'2020-02-05 09:37:20',	'2020-02-29 12:41:49'),
(29,	'Animals',	'Magical encounters hosted by animals and their advocates',	'Magical encounters hosted by animals and their advocates',	'animals',	'uploads/categories/98a22686-a345-4dff-93b3-cee7e9ac2faf.jpg',	NULL,	NULL,	1,	1,	'2020-03-16 17:55:51',	'2020-02-05 09:37:39',	'2020-03-16 17:55:51'),
(30,	'Adventures',	'Hosted journeys to extraordinary places  all you have to do is show up\r\n',	'Hosted journeys to extraordinary places  all you have to do is show up\r\n',	'adventures',	'uploads/categories/f2ef4129-237a-4f4b-9d49-a85aa71c8250.jpeg',	NULL,	NULL,	1,	1,	'2020-03-16 17:56:21',	'2020-02-05 09:41:46',	'2020-03-16 17:56:21'),
(31,	'Culinary',	'Culinary',	'Culinary',	'culinary',	'uploads/categories/fb46cdbe-5668-4a36-8f09-529a3cd8f153.png',	NULL,	NULL,	1,	0,	'2020-03-16 17:56:24',	'2020-02-08 10:35:11',	'2020-03-16 17:56:24'),
(32,	'Active',	'DPSG Palam Vihar Summer Activities to Help Your Kids Beat the Heat',	'DPSG Palam Vihar Summer Activities to Help Your Kids Beat the Heat',	'active',	'uploads/categories/0d00cbd6-c7eb-48e7-9128-6a27699ff154.png',	NULL,	NULL,	1,	0,	'2020-03-16 17:56:36',	'2020-02-08 10:36:27',	'2020-03-16 17:56:36'),
(33,	'Boating',	'An Epic Way to Enjoy Gods Own Country',	'An Epic Way to Enjoy Gods Own Country',	'boating',	'uploads/categories/78ec24e1-2706-42d3-bda9-f08b66d619e7.jpg',	NULL,	NULL,	1,	0,	'2020-03-16 17:56:41',	'2020-02-08 10:37:34',	'2020-03-16 17:56:41'),
(34,	'Cycling',	'cycling adventure travel programs',	'cycling adventure travel programs',	'cycling',	'uploads/categories/da3270dd-785d-47ea-8187-2ff45225fee4.jpg',	NULL,	NULL,	1,	0,	'2020-03-16 17:56:45',	'2020-02-08 10:40:17',	'2020-03-16 17:56:45'),
(35,	'Rock climbing',	'Rock climbing adventure travel programs',	'Rock climbing adventure travel programs',	'rock-climbing',	'uploads/categories/d9e7e349-5967-4f71-995f-b77d75a334e9.jpg',	NULL,	NULL,	1,	0,	'2020-03-16 17:56:49',	'2020-02-08 10:41:29',	'2020-03-16 17:56:49'),
(36,	'Care',	'Care Them wth live experience',	'Care Them wth live experience',	'care',	'uploads/categories/6ffe7d87-a3d2-4c00-ab60-ee7a3ff1bb63.jpg',	NULL,	NULL,	1,	0,	'2020-03-16 17:57:00',	'2020-02-08 10:56:35',	'2020-03-16 17:57:00'),
(37,	'Historical Places In India',	'Historical Places In India',	'Historical Places In India',	'historical-places-in-india',	'uploads/categories/b3cebb55-5b22-4cc2-a6cf-fce9f995b8e0.jpg',	NULL,	NULL,	1,	0,	'2020-03-16 17:57:03',	'2020-02-08 11:05:58',	'2020-03-16 17:57:03');

DROP TABLE IF EXISTS `experience_guest`;
CREATE TABLE `experience_guest` (
  `id` int(11) NOT NULL AUTO_INCREMENT,
  `order_id` int(11) NOT NULL,
  `booked_self` int(1) DEFAULT 0,
  `first_name` varchar(100) DEFAULT NULL,
  `last_name` varchar(100) DEFAULT NULL,
  `email` varchar(100) DEFAULT NULL,
  `phone` varchar(100) DEFAULT NULL,
  `gender` varchar(10) DEFAULT NULL,
  `created_at` datetime DEFAULT NULL,
  `updated_at` datetime DEFAULT NULL,
  PRIMARY KEY (`id`),
  KEY `order_id` (`order_id`),
  CONSTRAINT `experience_guest_ibfk_1` FOREIGN KEY (`order_id`) REFERENCES `experiences_order` (`id`)
) ENGINE=InnoDB DEFAULT CHARSET=latin1;

INSERT INTO `experience_guest` (`id`, `order_id`, `booked_self`, `first_name`, `last_name`, `email`, `phone`, `gender`, `created_at`, `updated_at`) VALUES
(62,	40,	0,	'dasdasd',	'jhfkjhsdfjkh',	'test@test.com',	NULL,	'male',	'2020-03-24 11:44:00',	'2020-03-24 15:00:29'),
(63,	40,	0,	'fsljfksdjflj',	'kjflksdjfkj',	'jfslkjfksldj@tt.com',	NULL,	'male',	'2020-03-24 11:44:00',	'2020-03-24 15:00:29'),
(64,	41,	0,	NULL,	NULL,	NULL,	NULL,	NULL,	'2020-03-24 14:14:56',	'2020-03-24 14:14:56'),
(65,	41,	0,	NULL,	NULL,	NULL,	NULL,	NULL,	'2020-03-24 14:14:56',	'2020-03-24 14:14:56'),
(66,	41,	0,	NULL,	NULL,	NULL,	NULL,	NULL,	'2020-03-24 14:14:56',	'2020-03-24 14:14:56'),
(67,	42,	0,	NULL,	NULL,	NULL,	NULL,	NULL,	'2020-03-24 19:44:30',	'2020-03-24 19:44:30'),
(68,	43,	0,	NULL,	NULL,	NULL,	NULL,	NULL,	'2020-03-24 19:45:10',	'2020-03-24 19:45:10'),
(69,	44,	0,	NULL,	NULL,	NULL,	NULL,	NULL,	'2020-03-24 19:45:45',	'2020-03-24 19:45:45'),
(70,	45,	0,	NULL,	NULL,	NULL,	NULL,	NULL,	'2020-03-25 12:02:51',	'2020-03-25 12:02:51'),
(71,	46,	0,	NULL,	NULL,	NULL,	NULL,	NULL,	'2020-03-25 12:03:48',	'2020-03-25 12:03:48'),
(72,	47,	0,	NULL,	NULL,	NULL,	NULL,	NULL,	'2020-03-30 21:04:17',	'2020-03-30 21:04:17'),
(73,	47,	0,	NULL,	NULL,	NULL,	NULL,	NULL,	'2020-03-30 21:04:17',	'2020-03-30 21:04:17'),
(74,	48,	0,	'dasda',	'sdasdsa',	'client.test@bitcot.com',	NULL,	'male',	'2020-04-09 18:28:58',	'2020-04-09 18:29:24');

DROP TABLE IF EXISTS `migration`;
CREATE TABLE `migration` (
  `version` varchar(180) NOT NULL,
  `apply_time` int(11) DEFAULT NULL,
  PRIMARY KEY (`version`)
) ENGINE=InnoDB DEFAULT CHARSET=latin1;

INSERT INTO `migration` (`version`, `apply_time`) VALUES
('m000000_000000_base',	1580463253),
('m200131_072107_user_roles_table',	1580463254),
('m200131_072121_users_list_table',	1580463254),
('m200131_072221_exp_categories_table',	1580463254),
('m200131_072238_experiences_table',	1580463255),
('m200207_093552_favourites_experiences',	1581069612),
('m200207_093604_favourites_categories',	1581069740),
('m200210_095935_contact_us_table',	1581408005),
('m200210_100008_company_info_table',	1581408005),
('m200211_075413_insert_default_user',	1581412413);

DROP TABLE IF EXISTS `testimonial`;
CREATE TABLE `testimonial` (
  `id` int(11) NOT NULL AUTO_INCREMENT,
  `client_name` varchar(50) DEFAULT NULL,
  `client_position` varchar(50) DEFAULT NULL,
  `client_message` text DEFAULT NULL,
  `client_image` varchar(256) DEFAULT NULL,
  `created_at` datetime DEFAULT NULL,
  `updated_at` datetime DEFAULT NULL,
  PRIMARY KEY (`id`)
) ENGINE=InnoDB DEFAULT CHARSET=latin1;

INSERT INTO `testimonial` (`id`, `client_name`, `client_position`, `client_message`, `client_image`, `created_at`, `updated_at`) VALUES
(1,	'John Ball',	'CEO, ABC TECH',	'<p>Thank you very much for all your and your team&rsquo;s assistance with organising the business meetings for the Belgian economic delegation, led by Her Royal Highness Princess Astrid of Belgium. Your expertise in handling the meeting arrangements and coordinating the business meetings were greatly appreciated. I really appreciate your help and I am sure that we will be contacting you for your assistance with future events.</p>\r\n',	'uploads/testimonial/4dd90066-efe3-4d30-a87e-19282c399d21.jpg',	'2020-02-21 17:52:26',	'2020-03-03 11:53:36'),
(2,	'Diederich Caby',	'CFO, TEXINOMA',	'<p>You were able to identify the absolute best people in the hotel food service segment, the leading edge retail segment, and the frozen food distribution segment, and the meetings arranged gave us excellent exposure to this cross section of the food industry. The fact that we were able to host two highly successful presentations and tasting receptions, drawing key people to attend, added to the impact of the personal call program and helped to make the whole project even more successful than we might have anticipated.</p>\r\n',	'uploads/testimonial/edf2f664-d085-49a4-8f20-ada397fcfef3.jpeg',	'2020-02-21 18:05:59',	'2020-03-03 11:53:58'),
(5,	'Donna Jones',	'Founder SmartLegal ',	'<p>Working with WealthTree has been a pleasure from start to finish. Their professional advice on the business environment in India was very useful. They provided constant feedback and analysis which helped us focus our efforts, especially useful because we are located in North America. Their persistence and efforts in reaching potential partners was impressive. We look forward to working with Wealthtree again in the future.</p>\r\n',	'uploads/testimonial/bc36631d-f0f1-4f0f-a9ca-ba0c973eb4ca.jpg',	'2020-02-21 18:09:55',	'2020-03-03 11:54:14'),
(6,	'Bruce Mc Lellan',	'Manager &  CEO ARC Infra',	'<p>On the City of Surrey&rsquo;s business mission to India in 2011, WealthTree played a critical role in ensuring that our 34 senior executive-level delegates representing major companies in the Metro Vancouver region were able to meet and do business with their counterparts in India.&nbsp; This resulted in precedent setting success for a Canadian City-led business mission.&nbsp; Millions and millions in trade has resulted and continues to mount.&nbsp; Soma and her colleague Trina provided excellent service prior to, during and following our mission.&nbsp; I would highly recommend any visiting businesses delegation to work with WealthTree</p>\r\n',	'uploads/testimonial/97468362-3242-46c5-bd45-f4ed8a4adb15.png',	'2020-02-21 18:11:51',	'2020-03-03 11:55:14'),
(7,	'Jean-Guy Schattens',	'Engineer, Maria Soft',	'<p>&nbsp;</p>\r\n\r\n<p>I readily recognize the effort and hard work that went into the REPORTS and a willingness to always accommodate my sometimes shifting views as more information became available</p>\r\n',	'uploads/testimonial/2d072b71-bcde-4b95-9641-c5c593120977.jpg',	'2020-03-03 11:56:59',	'2020-03-03 11:57:12'),
(8,	'Fernando Ras',	'MC Ed',	'<p>Our experience working with you has been wonderful. We had a bad time with a consultant in Singapore and we expected India to be worse. We have been proved wrong</p>\r\n',	'uploads/testimonial/96aa3b96-dd83-47b0-a822-0517cb816c34.jpeg',	'2020-03-03 11:59:51',	'2020-03-03 12:00:40');

DROP TABLE IF EXISTS `user`;
CREATE TABLE `user` (
  `id` int(11) NOT NULL AUTO_INCREMENT,
  `first_name` varchar(50) COLLATE utf8_unicode_ci DEFAULT NULL,
  `middle_name` varchar(50) COLLATE utf8_unicode_ci DEFAULT NULL,
  `last_name` varchar(50) COLLATE utf8_unicode_ci DEFAULT NULL,
  `bussiness_name` varchar(50) COLLATE utf8_unicode_ci DEFAULT NULL,
  `email` varchar(100) COLLATE utf8_unicode_ci NOT NULL,
  `username` varchar(50) COLLATE utf8_unicode_ci NOT NULL,
  `auth_key` varchar(32) COLLATE utf8_unicode_ci NOT NULL,
  `password_hash` varchar(100) COLLATE utf8_unicode_ci NOT NULL,
  `password_reset_token` varchar(100) COLLATE utf8_unicode_ci DEFAULT NULL,
  `verification_token` varchar(100) COLLATE utf8_unicode_ci DEFAULT NULL,
  `profile_photo` varchar(100) COLLATE utf8_unicode_ci DEFAULT NULL,
  `phone_home` varchar(12) COLLATE utf8_unicode_ci DEFAULT NULL,
  `phone_office` varchar(12) COLLATE utf8_unicode_ci DEFAULT NULL,
  `gender` varchar(6) COLLATE utf8_unicode_ci DEFAULT NULL,
  `dob` date DEFAULT NULL,
  `city` varchar(50) COLLATE utf8_unicode_ci DEFAULT NULL,
  `state` varchar(50) COLLATE utf8_unicode_ci DEFAULT NULL,
  `country` varchar(50) COLLATE utf8_unicode_ci DEFAULT NULL,
  `zip` varchar(8) COLLATE utf8_unicode_ci DEFAULT NULL,
  `ip_address` varchar(15) COLLATE utf8_unicode_ci DEFAULT NULL,
  `social_google_uid` varchar(50) COLLATE utf8_unicode_ci DEFAULT NULL,
  `social_google_picture` varchar(256) COLLATE utf8_unicode_ci DEFAULT NULL,
  `social_google_last_login` datetime DEFAULT NULL,
  `social_fb_uid` varchar(50) COLLATE utf8_unicode_ci DEFAULT NULL,
  `social_fb_picture` varchar(256) COLLATE utf8_unicode_ci DEFAULT NULL,
  `social_fb_last_login` datetime DEFAULT NULL,
  `social_twitter_uid` varchar(50) COLLATE utf8_unicode_ci DEFAULT NULL,
  `social_twitter_picture` varchar(256) COLLATE utf8_unicode_ci DEFAULT NULL,
  `social_twitter_last_login` datetime DEFAULT NULL,
  `social_linkedin_uid` varchar(50) COLLATE utf8_unicode_ci DEFAULT NULL,
  `social_linkedin_picture` varchar(256) COLLATE utf8_unicode_ci DEFAULT NULL,
  `social_linkedin_last_login` datetime DEFAULT NULL,
  `social_github_uid` varchar(50) COLLATE utf8_unicode_ci DEFAULT NULL,
  `social_github_picture` varchar(256) COLLATE utf8_unicode_ci DEFAULT NULL,
  `social_github_last_login` datetime DEFAULT NULL,
  `status` smallint(1) NOT NULL DEFAULT 0,
  `role_id` int(11) NOT NULL DEFAULT 2,
  `last_login` datetime DEFAULT NULL,
  `created_at` datetime DEFAULT NULL,
  `updated_at` datetime DEFAULT NULL,
  PRIMARY KEY (`id`),
  UNIQUE KEY `email` (`email`),
  UNIQUE KEY `username` (`username`),
  UNIQUE KEY `password_reset_token` (`password_reset_token`),
  KEY `fk_user_role_id` (`role_id`),
  CONSTRAINT `fk_user_role_id` FOREIGN KEY (`role_id`) REFERENCES `user_roles` (`id`) ON DELETE CASCADE ON UPDATE CASCADE
) ENGINE=InnoDB DEFAULT CHARSET=utf8 COLLATE=utf8_unicode_ci;

INSERT INTO `user` (`id`, `first_name`, `middle_name`, `last_name`, `bussiness_name`, `email`, `username`, `auth_key`, `password_hash`, `password_reset_token`, `verification_token`, `profile_photo`, `phone_home`, `phone_office`, `gender`, `dob`, `city`, `state`, `country`, `zip`, `ip_address`, `social_google_uid`, `social_google_picture`, `social_google_last_login`, `social_fb_uid`, `social_fb_picture`, `social_fb_last_login`, `social_twitter_uid`, `social_twitter_picture`, `social_twitter_last_login`, `social_linkedin_uid`, `social_linkedin_picture`, `social_linkedin_last_login`, `social_github_uid`, `social_github_picture`, `social_github_last_login`, `status`, `role_id`, `last_login`, `created_at`, `updated_at`) VALUES
(8,	'Gajendra Signh',	NULL,	'Pawar',	NULL,	'gajendra@bitcot.com',	'gajendraf',	'_8Cp39fUDFih8vstXofvXyOvhS193ds_',	'$2y$13$H5EjkLJzJKgishoBGd6px.xAooPqtLdJfDE6aNDAo.dI2ic2Ww7tu',	'ze_ykr-x0VLbDe8kspMLZHYcnPQ2nB78_1584513994',	'KSbygy1JmzuQuSuhOF62Zia1-757UOAW_1580473529',	'uploads/users/6ef6b99b-f57a-404a-bbc2-64cb544313c8.jpg',	'4545454444',	'4545454444',	NULL,	NULL,	'dadads',	'adadasd',	'dasdadds',	'124544',	NULL,	NULL,	NULL,	NULL,	NULL,	NULL,	NULL,	NULL,	NULL,	NULL,	NULL,	NULL,	NULL,	NULL,	NULL,	NULL,	1,	1,	'2020-03-17 18:33:51',	'2020-01-31 12:25:29',	'2020-03-18 12:16:34'),
(20,	'client',	'',	'client',	NULL,	'client@client.com',	'client@client.com',	'O9lwWCZDbBPseoq3f472BeiQpNnP-f0u',	'$2y$13$E1SQcSX.ZpYCyGZr/XLZ7uZ/ArY/Mzi4eGSCTO9F.7F2hYhoDqbsq',	NULL,	'lhwQnciSP1XLLmVedklbbsiP-MRJCYHa_1581083067',	'uploads/users/68f87096-2cd0-492d-b2f4-80b99f612f10.png',	'',	'',	'male',	NULL,	'',	'',	'india',	'',	'::1',	NULL,	NULL,	NULL,	NULL,	NULL,	NULL,	NULL,	NULL,	NULL,	NULL,	NULL,	NULL,	NULL,	NULL,	NULL,	1,	3,	'2020-03-02 15:22:30',	'2020-02-07 13:44:27',	'2020-03-02 15:22:30'),
(22,	'dev',	NULL,	'bitcot',	NULL,	'dev@bitcot.com',	'dev@bitcot.com',	'xrfOsMXONU6bv7KSyVRBJ0MVDDHbtDwC',	'$2y$13$IwjHicHs5saskwMDM4UIX.Jnqg1QjXDsyl8uYqF01HLZb4WKoAJKu',	'd5Rzsikxs94PNHucwFEpZyablBcF9E2H_1581142899',	'9nkm3HB0vQGLdkfj9lwxpVwvhEwkyRqm_1581139698',	'uploads/users/a3145eae-bfa3-4c5b-b28f-97d8ec6d2d01.jpg',	'1234567890',	NULL,	'male',	NULL,	'',	'',	'',	'',	'::1',	'115092095886195725907',	'https://lh3.googleusercontent.com/-m5ZF5aF48qI/AAAAAAAAAAI/AAAAAAAAAAA/AAKWJJNdqcVelLvIF-VsTXRmxRTMpg-46Q/photo.jpg',	'2020-03-28 11:14:47',	NULL,	NULL,	NULL,	NULL,	NULL,	NULL,	NULL,	NULL,	NULL,	NULL,	NULL,	NULL,	1,	3,	'2020-03-28 11:14:47',	'2020-02-08 05:28:18',	'2020-03-28 11:45:49'),
(35,	'Mark ',	'Calaway',	'Calaway',	'',	'vendor.test@bitcot.com',	'vendor.test',	'MUC_-qnSw4yB5igfPxAbYl9kMhVZotFp',	'$2y$13$BRj4XD0sQsYQUTL4n.zl/.ABqa0V6e7YGpGwjtpiYg3BO9f9K3BmW',	NULL,	NULL,	'uploads/users/35468e1c-8c3f-4b5d-96a7-9445db1d10ea.jpeg',	'1234567890',	'1234567890',	'male',	NULL,	'Test',	'Test',	'india',	'12452',	'::1',	NULL,	NULL,	NULL,	NULL,	NULL,	NULL,	NULL,	NULL,	NULL,	NULL,	NULL,	NULL,	NULL,	NULL,	NULL,	1,	2,	'2020-04-01 19:41:59',	'2020-03-03 12:04:18',	'2020-04-01 19:41:59'),
(36,	'Steve',	'Austin',	'Austin',	NULL,	'client.test@bitcot.com',	'client.test',	'xhOgq9EnG5JcfJerGA2UQa2CitfrnkeO',	'$2y$13$GUOFXbSDWwLrCTNBLFRxgOOdOx9WKgwSCe34ip0lHIUyNs5S4t/HO',	NULL,	NULL,	'uploads/users/605a6252-db1b-4c3b-81a5-16e8c2d49e41.jpg',	'1234567890',	'12345612348',	'male',	NULL,	'test',	'test',	'india',	'12450',	'::1',	NULL,	NULL,	NULL,	NULL,	NULL,	NULL,	NULL,	NULL,	NULL,	NULL,	NULL,	NULL,	NULL,	NULL,	NULL,	1,	3,	'2020-05-07 12:41:24',	'2020-03-03 12:05:40',	'2020-05-07 12:41:24'),
(37,	'Dwayne',	'Johnson',	'Johnson',	NULL,	'admin.test@bitcot.com',	'admin.test',	'm_7yrMCJ8D-2izFfilCeIYtvho6Q5FWx',	'$2y$13$6xGjzAayO8nqekOtg57T6OYL86/vObmVhFZ8H5bzNnC6J3894k/2.',	'rnGyMIlXYewr_Pq61y7Orn7VLYmwb78K_1584530155',	NULL,	'uploads/users/3fc2c325-06ea-4a61-8f11-41c7d9a9bb0f.jpg',	'4545454444',	'1234567890',	'male',	NULL,	'test',	'test',	'india',	'',	'::1',	NULL,	NULL,	NULL,	NULL,	NULL,	NULL,	NULL,	NULL,	NULL,	NULL,	NULL,	NULL,	NULL,	NULL,	NULL,	1,	1,	'2020-04-26 13:07:34',	'2020-03-03 12:06:41',	'2020-04-26 13:07:34'),
(39,	'bitcot',	NULL,	'test',	NULL,	'bitcot.test@gmail.com',	'6921922679238',	'0TjSj2DNIIjHcQeRMeAODk1SHCyDuwYa',	'$2y$13$Udtm2YPyR1KP0.wLSmkUpuHNX5SRL/Plsyfk.r4QWqRp.ncLDOkjq',	'BdSE-uZRq3UNDd7EgClknlIRobfCJory_1584598277',	'lMpKnvsGIsAwnFr9mpq0eUMQGRE3VCRy',	NULL,	NULL,	NULL,	NULL,	NULL,	NULL,	NULL,	NULL,	NULL,	NULL,	'115845594587741008089',	'https://lh5.googleusercontent.com/-cJTAyyNtjJw/AAAAAAAAAAI/AAAAAAAAAAA/AKF05nDYv8EAo-gXeSwJDEN8_EAifWyDBw/photo.jpg',	'2020-03-20 18:15:17',	NULL,	NULL,	NULL,	NULL,	NULL,	NULL,	NULL,	NULL,	NULL,	NULL,	NULL,	NULL,	1,	3,	'2020-03-20 18:15:17',	'2020-03-19 11:41:17',	'2020-03-20 18:15:17'),
(40,	'Test',	NULL,	'Test2',	NULL,	'test@test2.com',	'test@test2.com',	'6GPkotB7A3bPv72iAM8yVs2CYWyZAlJO',	'$2y$13$GwS96dAEIGkpDi6LgO8w6evM92JYtyFqFP97pqb3ozdT3P6dhQ91i',	NULL,	'ZKlEuEHb60pGIgdjJnquEUBCh4dkip6z_1584626505',	NULL,	NULL,	NULL,	NULL,	NULL,	NULL,	NULL,	NULL,	NULL,	'::1',	NULL,	NULL,	NULL,	NULL,	NULL,	NULL,	NULL,	NULL,	NULL,	NULL,	NULL,	NULL,	NULL,	NULL,	NULL,	1,	3,	'2020-03-20 18:15:17',	'2020-03-19 19:31:45',	'2020-03-19 19:31:45'),
(41,	'praveen',	'',	'chouhan',	'praveen',	'praveen.test@bitcot.com',	'praveen',	'97pTjyisfUhK190seH-67ye0_s6CBRYj',	'$2y$13$dfNB5bye4xy1XoAqpQf3auTr/efklzLOWZ4vdlDhp3jcFATLqx7wG',	NULL,	NULL,	'uploads/users/69d8a329-96b9-4ac5-bd5d-394a283401a0.jpg',	'1234567890',	'1234567890',	'male',	NULL,	'CA',	'CA',	'usa',	'45210',	'::1',	NULL,	NULL,	NULL,	NULL,	NULL,	NULL,	NULL,	NULL,	NULL,	NULL,	NULL,	NULL,	NULL,	NULL,	NULL,	1,	2,	'2020-03-24 19:30:22',	'2020-03-24 19:27:49',	'2020-03-24 19:30:22'),
(42,	'sunil',	'',	'ji',	'fhdsfhjsdfhjhds',	'sunil.test@bitcot.com',	'sunilji',	'ImZ8vR1JhhXkyT3LBx3GcCNs75OlgMJX',	'$2y$13$AEkGsDGAUbq1iyFxmVKN3O0DycfRz4yDPPIHiyJ6Of/Xp/A3/uk72',	NULL,	NULL,	NULL,	'1234567890',	'1234567890',	'male',	NULL,	'CA',	'CA',	'usa',	'45214',	'::1',	NULL,	NULL,	NULL,	NULL,	NULL,	NULL,	NULL,	NULL,	NULL,	NULL,	NULL,	NULL,	NULL,	NULL,	NULL,	1,	2,	'2020-03-24 19:41:16',	'2020-03-24 19:29:35',	'2020-03-24 19:41:16'),
(43,	'PC',	NULL,	'client',	NULL,	'praveen@pc.com',	'praveen@pc.com',	'O5w5j2sB91OMs7BmJbtAHPgUbi5JbxoF',	'$2y$13$/rufJVqeMUCSpNFbbyEnduZWOPjDEbYZ.znO4/vCImK.aWS.A2Ibq',	NULL,	'IPSxDDMwosvorL29rEU_jyPOVcp_s953_1585203885',	NULL,	NULL,	NULL,	NULL,	NULL,	NULL,	NULL,	NULL,	NULL,	'::1',	NULL,	NULL,	NULL,	NULL,	NULL,	NULL,	NULL,	NULL,	NULL,	NULL,	NULL,	NULL,	NULL,	NULL,	NULL,	1,	3,	NULL,	'2020-03-26 11:54:45',	'2020-03-26 11:54:45'),
(44,	'PC',	NULL,	'client',	NULL,	'praveen@pcl.com',	'praveen@pcl.com',	'eSTWutZafmdtjQDk8nVGEOBioF4IczTN',	'$2y$13$2WwnWpGK.rjTQVcpVHk/he6.kXhnRcvraEDP3LUdGAFnmrSAIyR8u',	NULL,	'LZ1D_SAyetuEjcmAy77MJ3-H2s65QB2I_1585203911',	NULL,	NULL,	NULL,	NULL,	NULL,	NULL,	NULL,	NULL,	NULL,	'::1',	NULL,	NULL,	NULL,	NULL,	NULL,	NULL,	NULL,	NULL,	NULL,	NULL,	NULL,	NULL,	NULL,	NULL,	NULL,	1,	3,	NULL,	'2020-03-26 11:55:11',	'2020-03-26 11:55:11'),
(45,	'Gajendra',	NULL,	'Singh Pawar',	NULL,	'er.gajendrapawar@gmail.com',	'1308660513546',	'uLnY999-FpjVY42tT0KwQOVdXqq8FN4u',	'$2y$13$GOQCdLplrfOBKrZLsdZycuemPo0wCGiOC8K3d9dMWMmhvC85zBWMS',	'gOkBu7YrWUjz8KrmKZf3zbs-fxOq_MkH_1586437279',	'ABsYLel2Du3x1BoQqT8fpw5N9j3SP2xU',	NULL,	NULL,	NULL,	NULL,	NULL,	NULL,	NULL,	NULL,	NULL,	NULL,	'116592423259844275509',	'https://lh3.googleusercontent.com/a-/AOh14GigQQ4haMZ-yZl4LqHnZoSgEmJuMzhD7wZ3MZv7mg',	'2020-04-09 18:31:19',	NULL,	NULL,	NULL,	NULL,	NULL,	NULL,	NULL,	NULL,	NULL,	NULL,	NULL,	NULL,	1,	3,	'2020-04-09 18:31:19',	'2020-04-09 18:31:19',	'2020-04-09 18:31:19');

DROP TABLE IF EXISTS `user_roles`;
CREATE TABLE `user_roles` (
  `id` int(11) NOT NULL AUTO_INCREMENT,
  `role_name` varchar(50) NOT NULL,
  `role_display_name` varchar(50) DEFAULT NULL,
  `status` smallint(1) NOT NULL DEFAULT 1,
  `created_at` datetime DEFAULT NULL,
  `updated_at` datetime DEFAULT NULL,
  PRIMARY KEY (`id`)
) ENGINE=InnoDB DEFAULT CHARSET=latin1;

INSERT INTO `user_roles` (`id`, `role_name`, `role_display_name`, `status`, `created_at`, `updated_at`) VALUES
(1,	'admin',	'Super Admin',	1,	'2020-01-31 09:34:14',	'2020-01-31 09:34:14'),
(2,	'vendor',	'Vendor',	1,	'2020-01-31 09:34:14',	'2020-01-31 09:34:14'),
(3,	'client',	'Client',	1,	'2020-01-31 09:34:14',	'2020-01-31 09:34:14');

-- 2020-07-18 08:31:08
